state,metric,stand_size_class,estimate,se,se_percent,plot_count,report_years
AK-Coastal,volume,Large diameter,52844064157.01345,1096989232.0222762,2.0758986832709083,1506,2015;2016;2017;2018;2019;2020;2021;2022
AK-Coastal,volume,Medium diameter,1509430681.2436116,134589767.9865189,8.916591510888802,215,2015;2016;2017;2018;2019;2020;2021;2022
AK-Coastal,volume,Small diameter,847392878.6331339,60922958.45220911,7.189458395081084,422,2015;2016;2017;2018;2019;2020;2021;2022
AK-Coastal,volume,Nonstocked,3672372.236317293,2071507.052756064,56.407872608072005,5,2015;2016;2017;2018;2019;2020;2021;2022
AK-Coastal,mortality,Large diameter,296252447.6775147,16018938.448663073,5.4071919318285175,838,2015;2016;2017;2018;2019;2020;2021;2022
AK-Coastal,mortality,Medium diameter,12469902.75461009,2368687.511805489,18.99523643782861,90,2015;2016;2017;2018;2019;2020;2021;2022
AK-Coastal,mortality,Small diameter,31532095.07795426,6075817.173916183,19.268675801260365,156,2015;2016;2017;2018;2019;2020;2021;2022
AK-Coastal,mortality,Nonstocked,3021187.9449850363,1628501.5320870015,53.90268866887946,9,2015;2016;2017;2018;2019;2020;2021;2022
AK-Coastal,biomass,Large diameter,802483306.1086929,16060102.370138302,2.00130049408941,1506,2015;2016;2017;2018;2019;2020;2021;2022
AK-Coastal,biomass,Medium diameter,31599224.6292798,2675081.979557868,8.465657024631994,217,2015;2016;2017;2018;2019;2020;2021;2022
AK-Coastal,biomass,Small diameter,23484761.5450417,1411978.3479757612,6.012317158374001,483,2015;2016;2017;2018;2019;2020;2021;2022
AK-Coastal,biomass,Nonstocked,72665.09972519842,39621.0415754282,54.52554489743392,6,2015;2016;2017;2018;2019;2020;2021;2022
AK-Coastal,growth,Large diameter,164394016.95451453,20151291.4259095,12.257922641725504,1176,2015;2016;2017;2018;2019;2020;2021;2022
AK-Coastal,growth,Medium diameter,39214414.48668634,5590555.304012473,14.25637836798639,165,2015;2016;2017;2018;2019;2020;2021;2022
AK-Coastal,growth,Small diameter,-3057566.741254026,5848475.350616757,-191.27874697571025,346,2015;2016;2017;2018;2019;2020;2021;2022
AK-Coastal,growth,Nonstocked,-1992682.567209893,1261123.9016091924,-63.28774699800724,12,2015;2016;2017;2018;2019;2020;2021;2022
AK-Coastal,removals,Large diameter,11379202.675835012,3504929.36033264,30.80118581397396,18,2015;2016;2017;2018;2019;2020;2021;2022
AK-Coastal,removals,Medium diameter,407675.2986206343,203915.52717229977,50.019102914070615,6,2015;2016;2017;2018;2019;2020;2021;2022
AK-Coastal,removals,Small diameter,45960988.277362645,18429879.08787532,40.09896170346856,12,2015;2016;2017;2018;2019;2020;2021;2022
AK-Coastal,removals,Nonstocked,13612745.782272955,9471536.746301329,69.57844433292458,3,2015;2016;2017;2018;2019;2020;2021;2022
AK-Coastal,sawlog,Large diameter,236957744735.4459,6160744883.540811,2.599933963086559,1502,2015;2016;2017;2018;2019;2020;2021;2022
AK-Coastal,sawlog,Medium diameter,1683419191.0263286,191085896.05193573,11.351058433368374,166,2015;2016;2017;2018;2019;2020;2021;2022
AK-Coastal,sawlog,Small diameter,1447939321.436507,172906427.97623235,11.941552067574982,225,2015;2016;2017;2018;2019;2020;2021;2022
AK-Coastal,sawlog,Nonstocked,5732834.378431209,3470370.4360856893,60.534985087696825,3,2015;2016;2017;2018;2019;2020;2021;2022
AK-Interior,volume,Large diameter,5774052192.261595,637135857.0486553,11.034466538119398,116,2014;2016;2019
AK-Interior,volume,Medium diameter,6986770007.694824,585563034.666068,8.381026340085086,173,2014;2016;2019
AK-Interior,volume,Small diameter,2754610724.1165447,174120282.37282696,6.321048591309417,419,2014;2016;2019
AK-Interior,biomass,Large diameter,117242119.0693346,12587493.317201354,10.73632361571132,116,2014;2016;2019
AK-Interior,biomass,Medium diameter,147460447.56588864,12118908.953524703,8.218413244751414,173,2014;2016;2019
AK-Interior,biomass,Small diameter,149333867.4929743,6824826.559272597,4.570180009296072,626,2014;2016;2019
AK-Interior,biomass,Nonstocked,23733.66562803978,24988.48264022144,105.28707630691136,1,2014;2016;2019
AK-Interior,sawlog,Large diameter,15968937543.39566,1936867908.4985332,12.128971656599486,113,2014;2016;2019
AK-Interior,sawlog,Medium diameter,6032564868.860283,781495297.614303,12.954610760148343,121,2014;2016;2019
AK-Interior,sawlog,Small diameter,1764741101.06449,232126685.464148,13.15358300002926,97,2014;2016;2019
AL,volume,Large diameter,51845258997.66891,795313074.0754288,1.5340131179809289,2722,2016;2017;2018;2019;2020;2021;2022;2023;2024;2025
AL,volume,Medium diameter,12210299688.856482,371115199.49996734,3.039361923595202,1284,2016;2017;2018;2019;2020;2021;2022;2023;2024;2025
AL,volume,Small diameter,1257214921.5756738,68801153.6254958,5.472505332601921,644,2016;2017;2018;2019;2020;2021;2022;2023;2024;2025
AL,volume,Nonstocked,13646797.40535599,6336098.878967951,46.42920013219518,17,2016;2017;2018;2019;2020;2021;2022;2023;2024;2025
AL,mortality,Large diameter,552194220.1476932,18051083.37483078,3.268973617652631,1942,2016;2017;2018;2019;2020;2021;2022;2023;2024;2025
AL,mortality,Medium diameter,101804845.54007334,6795869.837139246,6.6753893698156,610,2016;2017;2018;2019;2020;2021;2022;2023;2024;2025
AL,mortality,Small diameter,54238012.37978829,7095911.915166963,13.082912894151782,217,2016;2017;2018;2019;2020;2021;2022;2023;2024;2025
AL,mortality,Nonstocked,4829047.88199153,2370576.791512947,49.08994173268181,10,2016;2017;2018;2019;2020;2021;2022;2023;2024;2025
AL,biomass,Large diameter,1019927149.3768831,15349780.669412017,1.5049879473048489,2723,2016;2017;2018;2019;2020;2021;2022;2023;2024;2025
AL,biomass,Medium diameter,251013935.2343264,7441653.342170507,2.964637535053016,1285,2016;2017;2018;2019;2020;2021;2022;2023;2024;2025
AL,biomass,Small diameter,43334245.122850224,2135396.850739688,4.927735200384718,809,2016;2017;2018;2019;2020;2021;2022;2023;2024;2025
AL,biomass,Nonstocked,307019.4618230697,120589.03078508978,39.27732465852059,21,2016;2017;2018;2019;2020;2021;2022;2023;2024;2025
AL,growth,Large diameter,1830696318.787261,40403255.39081458,2.2069883997789206,2704,2016;2017;2018;2019;2020;2021;2022;2023;2024;2025
AL,growth,Medium diameter,1017632179.358988,34683518.89474461,3.408256892641892,1278,2016;2017;2018;2019;2020;2021;2022;2023;2024;2025
AL,growth,Small diameter,239251168.7918924,12527219.791605176,5.236011951315363,915,2016;2017;2018;2019;2020;2021;2022;2023;2024;2025
AL,growth,Nonstocked,6713741.040697848,2390661.3434147234,35.608483093447255,45,2016;2017;2018;2019;2020;2021;2022;2023;2024;2025
AL,removals,Large diameter,365639454.318196,24055175.0659178,6.57893309428908,441,2016;2017;2018;2019;2020;2021;2022;2023;2024;2025
AL,removals,Medium diameter,89884090.85589705,10593516.285702448,11.785752278104548,141,2016;2017;2018;2019;2020;2021;2022;2023;2024;2025
AL,removals,Small diameter,1082619507.6550212,55166278.70822472,5.095629472603552,503,2016;2017;2018;2019;2020;2021;2022;2023;2024;2025
AL,removals,Nonstocked,49843559.48647957,11151159.984799596,22.37231871015237,34,2016;2017;2018;2019;2020;2021;2022;2023;2024;2025
AL,sawlog,Large diameter,141790695360.14813,2644382743.479887,1.86499032024856,2632,2016;2017;2018;2019;2020;2021;2022;2023;2024;2025
AL,sawlog,Medium diameter,10586669734.244904,426339982.7684661,4.027139728269562,963,2016;2017;2018;2019;2020;2021;2022;2023;2024;2025
AL,sawlog,Small diameter,1370700168.5949025,152477977.75373572,11.124094185385568,177,2016;2017;2018;2019;2020;2021;2022;2023;2024;2025
AL,sawlog,Nonstocked,36395790.20767458,29772542.499507315,81.80215989163864,3,2016;2017;2018;2019;2020;2021;2022;2023;2024;2025
AR,volume,Large diameter,42724601717.847176,669932611.4519906,1.5680254104560616,2449,2021;2022;2023;2024;2025
AR,volume,Medium diameter,8393460059.4027,288754880.76213616,3.440236549867906,1027,2021;2022;2023;2024;2025
AR,volume,Small diameter,577087800.4475975,46050520.94280326,7.979811894669377,306,2021;2022;2023;2024;2025
AR,volume,Nonstocked,8203834.044136289,2552840.586790668,31.11765271038506,18,2021;2022;2023;2024;2025
AR,mortality,Large diameter,422745615.27914697,19009213.54135292,4.496608091085881,1412,2021;2022;2023;2024;2025
AR,mortality,Medium diameter,69404194.43894587,6267895.782348084,9.031004297387076,432,2021;2022;2023;2024;2025
AR,mortality,Small diameter,18847928.549125567,5226672.04852533,27.73075054323578,54,2021;2022;2023;2024;2025
AR,mortality,Nonstocked,299311.16111522936,203595.6756595268,68.02141119660625,3,2021;2022;2023;2024;2025
AR,biomass,Large diameter,885539781.6303272,13100101.874520326,1.4793352197461216,2451,2021;2022;2023;2024;2025
AR,biomass,Medium diameter,186264343.8119965,6187639.932090682,3.321966945179856,1028,2021;2022;2023;2024;2025
AR,biomass,Small diameter,20702563.45581921,1485712.0433037702,7.1764641440389205,415,2021;2022;2023;2024;2025
AR,biomass,Nonstocked,176842.62365322083,53582.4081108726,30.29948719599688,19,2021;2022;2023;2024;2025
AR,growth,Large diameter,1230979296.2947729,34946859.16016625,2.838947760157763,2432,2021;2022;2023;2024;2025
AR,growth,Medium diameter,619892067.1314135,27399200.307666067,4.419995312160947,1021,2021;2022;2023;2024;2025
AR,growth,Small diameter,79683577.03881362,7504801.124491471,9.418253300596566,405,2021;2022;2023;2024;2025
AR,growth,Nonstocked,5747147.992581312,2267081.721175616,39.447073993954426,30,2021;2022;2023;2024;2025
AR,removals,Large diameter,355475028.50374794,28359703.891529664,7.977973589565562,275,2021;2022;2023;2024;2025
AR,removals,Medium diameter,48218643.02972636,9106880.684553552,18.88663826341866,71,2021;2022;2023;2024;2025
AR,removals,Small diameter,491675088.1493471,46026637.462160654,9.3611896497347,159,2021;2022;2023;2024;2025
AR,removals,Nonstocked,40025685.62143592,13232188.991894906,33.059243799207664,15,2021;2022;2023;2024;2025
AR,sawlog,Large diameter,132999405389.62337,2565485347.740002,1.92894497552405,2386,2021;2022;2023;2024;2025
AR,sawlog,Medium diameter,8175698409.844535,372561449.8886559,4.556937294067093,777,2021;2022;2023;2024;2025
AR,sawlog,Small diameter,862908206.9304966,122212647.18694676,14.162879226943137,106,2021;2022;2023;2024;2025
AR,sawlog,Nonstocked,2357954.4036872867,2357629.385862268,99.98621611068856,1,2021;2022;2023;2024;2025
AZ,volume,Large diameter,16050107497.301136,336278465.15517026,2.0951788965383336,2577,2014;2015;2016;2017;2018;2019;2020;2021;2022;2023
AZ,volume,Medium diameter,580096909.7781247,59496992.8748662,10.256388522673324,274,2014;2015;2016;2017;2018;2019;2020;2021;2022;2023
AZ,volume,Small diameter,148280762.73244062,21670633.71440964,14.614595524783184,215,2014;2015;2016;2017;2018;2019;2020;2021;2022;2023
AZ,volume,Nonstocked,49753759.88771585,11086350.66720059,22.282437934781683,104,2014;2015;2016;2017;2018;2019;2020;2021;2022;2023
AZ,mortality,Large diameter,134068943.84818904,8805225.855265133,6.567684955611792,995,2014;2015;2016;2017;2018;2019;2020;2021;2022;2023
AZ,mortality,Medium diameter,6627947.719204395,1564558.829262246,23.60547933606894,92,2014;2015;2016;2017;2018;2019;2020;2021;2022;2023
AZ,mortality,Small diameter,29838794.32882726,7058031.471259712,23.653876203841616,73,2014;2015;2016;2017;2018;2019;2020;2021;2022;2023
AZ,mortality,Nonstocked,36002936.85316361,8643125.335424436,24.006723036720707,68,2014;2015;2016;2017;2018;2019;2020;2021;2022;2023
AZ,biomass,Large diameter,285632716.5407238,5588589.549393524,1.9565649261318905,2577,2014;2015;2016;2017;2018;2019;2020;2021;2022;2023
AZ,biomass,Medium diameter,13812966.635158086,1294501.4886239942,9.371639871547254,274,2014;2015;2016;2017;2018;2019;2020;2021;2022;2023
AZ,biomass,Small diameter,4696929.912079715,482587.0077000258,10.274520095752186,248,2014;2015;2016;2017;2018;2019;2020;2021;2022;2023
AZ,biomass,Nonstocked,928108.9734198636,170528.56603439362,18.37376546485009,104,2014;2015;2016;2017;2018;2019;2020;2021;2022;2023
AZ,growth,Large diameter,82686271.73444687,8720241.197739558,10.546177756986388,2542,2014;2015;2016;2017;2018;2019;2020;2021;2022;2023
AZ,growth,Medium diameter,6546812.500163793,1556571.924111678,23.77602725101314,266,2014;2015;2016;2017;2018;2019;2020;2021;2022;2023
AZ,growth,Small diameter,-23242212.24091821,6510071.7525927685,-28.00969066589841,228,2014;2015;2016;2017;2018;2019;2020;2021;2022;2023
AZ,growth,Nonstocked,-31631529.88163121,7930278.101677744,-25.0708016063521,138,2014;2015;2016;2017;2018;2019;2020;2021;2022;2023
AZ,removals,Large diameter,20545665.65654437,4619639.415788354,22.484739569958247,93,2014;2015;2016;2017;2018;2019;2020;2021;2022;2023
AZ,removals,Medium diameter,31071.68757221857,19863.43529932569,63.92776463511349,4,2014;2015;2016;2017;2018;2019;2020;2021;2022;2023
AZ,removals,Small diameter,1704873.8524406336,1140231.052480995,66.8806698424451,5,2014;2015;2016;2017;2018;2019;2020;2021;2022;2023
AZ,removals,Nonstocked,5988026.062148414,2845026.7933277963,47.51193070637778,6,2014;2015;2016;2017;2018;2019;2020;2021;2022;2023
AZ,sawlog,Large diameter,32243881587.37688,1289833797.2436666,4.0002435617076015,684,2014;2015;2016;2017;2018;2019;2020;2021;2022;2023
AZ,sawlog,Medium diameter,506051996.0160637,112481470.78366823,22.227255631671834,47,2014;2015;2016;2017;2018;2019;2020;2021;2022;2023
AZ,sawlog,Small diameter,294727980.12877953,77000425.94054247,26.1259300548586,31,2014;2015;2016;2017;2018;2019;2020;2021;2022;2023
AZ,sawlog,Nonstocked,144043615.86286172,48134299.765022,33.4164756116986,14,2014;2015;2016;2017;2018;2019;2020;2021;2022;2023
CA,volume,Large diameter,115942703059.53554,1770822660.1561327,1.527325664683556,3958,2014;2015;2016;2017;2018;2019;2020;2021;2022;2023;2024
CA,volume,Medium diameter,5347274127.149016,278190571.53057283,5.202474474202701,719,2014;2015;2016;2017;2018;2019;2020;2021;2022;2023;2024
CA,volume,Small diameter,1226887484.1722727,92977128.25468823,7.5782929937879215,427,2014;2015;2016;2017;2018;2019;2020;2021;2022;2023;2024
CA,volume,Nonstocked,188380172.7531957,35394078.88984413,18.788643397315123,98,2014;2015;2016;2017;2018;2019;2020;2021;2022;2023;2024
CA,mortality,Large diameter,1243525197.7216527,41031069.16878577,3.299576819509696,2433,2014;2015;2016;2017;2018;2019;2020;2021;2022;2023;2024
CA,mortality,Medium diameter,62606870.87582248,5519770.643040895,8.816557297663188,348,2014;2015;2016;2017;2018;2019;2020;2021;2022;2023;2024
CA,mortality,Small diameter,400191051.36022216,39821205.18380381,9.950548631323525,309,2014;2015;2016;2017;2018;2019;2020;2021;2022;2023;2024
CA,mortality,Nonstocked,364944544.071677,40161307.8746827,11.004770047143056,187,2014;2015;2016;2017;2018;2019;2020;2021;2022;2023;2024
CA,biomass,Large diameter,1955738436.28954,27125957.83580048,1.3869931342794648,3958,2014;2015;2016;2017;2018;2019;2020;2021;2022;2023;2024
CA,biomass,Medium diameter,120903934.60053296,6003150.125603053,4.965223129782735,722,2014;2015;2016;2017;2018;2019;2020;2021;2022;2023;2024
CA,biomass,Small diameter,29825936.427895,2010507.3652191465,6.740802154123816,519,2014;2015;2016;2017;2018;2019;2020;2021;2022;2023;2024
CA,biomass,Nonstocked,3276948.5594333983,638727.8611323157,19.49154371964737,99,2014;2015;2016;2017;2018;2019;2020;2021;2022;2023;2024
CA,growth,Large diameter,785829394.687583,46181806.68938022,5.87682351940276,3721,2014;2015;2016;2017;2018;2019;2020;2021;2022;2023;2024
CA,growth,Medium diameter,73346078.66901241,8499579.779102005,11.588322011675515,634,2014;2015;2016;2017;2018;2019;2020;2021;2022;2023;2024
CA,growth,Small diameter,-314428491.23312616,36467749.36257158,-11.598105890325748,512,2014;2015;2016;2017;2018;2019;2020;2021;2022;2023;2024
CA,growth,Nonstocked,-323750407.5567218,37287773.58169009,-11.517444522492898,242,2014;2015;2016;2017;2018;2019;2020;2021;2022;2023;2024
CA,removals,Large diameter,287932954.31742245,23864898.7557712,8.288352686946041,325,2014;2015;2016;2017;2018;2019;2020;2021;2022;2023;2024
CA,removals,Medium diameter,13321053.716854144,4710676.737765114,35.362643510738515,26,2014;2015;2016;2017;2018;2019;2020;2021;2022;2023;2024
CA,removals,Small diameter,173954314.93604288,29582233.62685255,17.005748686216226,74,2014;2015;2016;2017;2018;2019;2020;2021;2022;2023;2024
CA,removals,Nonstocked,46950296.08475536,10581995.139033329,22.538718648186062,40,2014;2015;2016;2017;2018;2019;2020;2021;2022;2023;2024
CA,sawlog,Large diameter,504742004619.0254,9143106277.939363,1.8114415274077489,3729,2014;2015;2016;2017;2018;2019;2020;2021;2022;2023;2024
CA,sawlog,Medium diameter,9640906033.637146,711283186.1649543,7.377762875016989,543,2014;2015;2016;2017;2018;2019;2020;2021;2022;2023;2024
CA,sawlog,Small diameter,3993638915.9550776,405854705.2842458,10.162528807068822,281,2014;2015;2016;2017;2018;2019;2020;2021;2022;2023;2024
CA,sawlog,Nonstocked,777131189.6334172,183795704.46471483,23.65053763334524,78,2014;2015;2016;2017;2018;2019;2020;2021;2022;2023;2024
CO,volume,Large diameter,27228377951.62387,579003915.2354951,2.126472301303442,2342,2014;2015;2016;2017;2018;2019;2020;2021;2022;2023
CO,volume,Medium diameter,6833471146.921599,294912690.98723173,4.315708439335205,770,2014;2015;2016;2017;2018;2019;2020;2021;2022;2023
CO,volume,Small diameter,1303268444.1944952,77091147.20543717,5.91521628171428,664,2014;2015;2016;2017;2018;2019;2020;2021;2022;2023
CO,volume,Nonstocked,39685662.16897111,7105652.412274554,17.904835207286087,70,2014;2015;2016;2017;2018;2019;2020;2021;2022;2023
CO,mortality,Large diameter,476860033.7654511,23888496.84207788,5.0095405675845965,1205,2014;2015;2016;2017;2018;2019;2020;2021;2022;2023
CO,mortality,Medium diameter,245416050.99079508,16270533.739841249,6.629775711145933,564,2014;2015;2016;2017;2018;2019;2020;2021;2022;2023
CO,mortality,Small diameter,208434811.8115357,19780030.72335684,9.489792300741833,371,2014;2015;2016;2017;2018;2019;2020;2021;2022;2023
CO,mortality,Nonstocked,52737162.33912298,10912277.394920267,20.69181751712305,64,2014;2015;2016;2017;2018;2019;2020;2021;2022;2023
CO,biomass,Large diameter,451102982.6076776,9119354.503032615,2.021568212720881,2342,2014;2015;2016;2017;2018;2019;2020;2021;2022;2023
CO,biomass,Medium diameter,126142554.7934726,5230115.60774853,4.146194451437548,771,2014;2015;2016;2017;2018;2019;2020;2021;2022;2023
CO,biomass,Small diameter,37542167.160083495,1905083.995041212,5.074517906538922,780,2014;2015;2016;2017;2018;2019;2020;2021;2022;2023
CO,biomass,Nonstocked,698642.6285107544,122095.77663465128,17.47614182875069,72,2014;2015;2016;2017;2018;2019;2020;2021;2022;2023
CO,growth,Large diameter,-99611624.48387174,22128995.834366057,-22.21527452144804,2259,2014;2015;2016;2017;2018;2019;2020;2021;2022;2023
CO,growth,Medium diameter,-88530512.05416949,14024645.74251626,-15.841595645504622,751,2014;2015;2016;2017;2018;2019;2020;2021;2022;2023
CO,growth,Small diameter,-153368075.2223529,17974959.521561425,-11.72014416657531,689,2014;2015;2016;2017;2018;2019;2020;2021;2022;2023
CO,growth,Nonstocked,-45539756.98129053,9916437.966145098,-21.77534230193444,111,2014;2015;2016;2017;2018;2019;2020;2021;2022;2023
CO,removals,Large diameter,14859958.296672665,3689955.3219337785,24.83153215012728,57,2014;2015;2016;2017;2018;2019;2020;2021;2022;2023
CO,removals,Medium diameter,3479412.5671669906,1153965.8012344276,33.165535243611835,18,2014;2015;2016;2017;2018;2019;2020;2021;2022;2023
CO,removals,Small diameter,12449382.515641866,3749152.259196208,30.11516639066744,33,2014;2015;2016;2017;2018;2019;2020;2021;2022;2023
CO,removals,Nonstocked,4043094.3811608353,2140812.555195935,52.94985358667967,6,2014;2015;2016;2017;2018;2019;2020;2021;2022;2023
CO,sawlog,Large diameter,84567452209.88939,2440821404.3918643,2.8862420950485164,1439,2014;2015;2016;2017;2018;2019;2020;2021;2022;2023
CO,sawlog,Medium diameter,10083755550.813126,550652103.920963,5.460783942511974,574,2014;2015;2016;2017;2018;2019;2020;2021;2022;2023
CO,sawlog,Small diameter,2886190905.4882765,258820110.7852417,8.967532615153031,286,2014;2015;2016;2017;2018;2019;2020;2021;2022;2023
CO,sawlog,Nonstocked,78355435.23321399,22406361.85792507,28.595797842530857,23,2014;2015;2016;2017;2018;2019;2020;2021;2022;2023
CT,volume,Large diameter,6376742591.763716,244385084.1361597,3.832443926022836,268,2019;2020;2021;2022;2023;2024;2025
CT,volume,Medium diameter,238825797.32280272,51311964.44204065,21.485101281871223,37,2019;2020;2021;2022;2023;2024;2025
CT,volume,Small diameter,35434117.19609775,13460408.008928625,37.98714085195547,17,2019;2020;2021;2022;2023;2024;2025
CT,volume,Nonstocked,3444462.9315333944,2194124.713248658,63.70005300860895,3,2019;2020;2021;2022;2023;2024;2025
CT,mortality,Large diameter,90098526.94423635,9476380.622826545,10.51779750926633,197,2019;2020;2021;2022;2023;2024;2025
CT,mortality,Medium diameter,2436396.995739508,834598.2700852306,34.255430110309625,18,2019;2020;2021;2022;2023;2024;2025
CT,mortality,Small diameter,3496231.811991669,2516042.4449246256,71.96440568657067,6,2019;2020;2021;2022;2023;2024;2025
CT,mortality,Nonstocked,0.0,0.0,,0,2019;2020;2021;2022;2023;2024;2025
CT,biomass,Large diameter,143739351.17680427,5215973.547078997,3.628772152076276,268,2019;2020;2021;2022;2023;2024;2025
CT,biomass,Medium diameter,5543326.381956136,1184637.840040835,21.37052301118158,37,2019;2020;2021;2022;2023;2024;2025
CT,biomass,Small diameter,1193824.9527114802,373180.5795185259,31.25923768563707,18,2019;2020;2021;2022;2023;2024;2025
CT,biomass,Nonstocked,74256.52981811052,46858.15525149722,63.10307708463496,3,2019;2020;2021;2022;2023;2024;2025
CT,growth,Large diameter,65134780.84985148,10450809.826314565,16.044899038511765,248,2019;2020;2021;2022;2023;2024;2025
CT,growth,Medium diameter,8160733.70566568,2327705.583486476,28.52323905472422,35,2019;2020;2021;2022;2023;2024;2025
CT,growth,Small diameter,-1327286.0811409224,2226455.880279309,-167.74498820672247,16,2019;2020;2021;2022;2023;2024;2025
CT,growth,Nonstocked,356919.62838147144,233906.31016346923,65.5347287074593,3,2019;2020;2021;2022;2023;2024;2025
CT,removals,Large diameter,17102763.52049312,4668336.272544054,27.29580086253484,26,2019;2020;2021;2022;2023;2024;2025
CT,removals,Medium diameter,202560.60179971124,212191.448419808,104.7545507539613,1,2019;2020;2021;2022;2023;2024;2025
CT,removals,Small diameter,61462.16266108691,61106.160085094205,99.4207776612812,1,2019;2020;2021;2022;2023;2024;2025
CT,removals,Nonstocked,1581142.3540476058,1368531.333088874,86.55332833160382,2,2019;2020;2021;2022;2023;2024;2025
CT,sawlog,Large diameter,17451456222.698116,805584656.0820236,4.616145757706143,263,2019;2020;2021;2022;2023;2024;2025
CT,sawlog,Medium diameter,276699493.3992319,76971729.85740545,27.81780657124221,25,2019;2020;2021;2022;2023;2024;2025
CT,sawlog,Small diameter,38121579.97612072,26966583.231002413,70.73836721325357,4,2019;2020;2021;2022;2023;2024;2025
CT,sawlog,Nonstocked,5193048.735600844,5030699.395603973,96.87371815165362,1,2019;2020;2021;2022;2023;2024;2025
DE,volume,Large diameter,1294652357.0477464,100643946.30791944,7.773820188874665,93,2019;2020;2021;2022;2023;2024;2025
DE,volume,Medium diameter,105994155.86257309,27646252.52930853,26.082808343842405,17,2019;2020;2021;2022;2023;2024;2025
DE,volume,Small diameter,6547013.713698706,3130562.818021379,47.816652827091474,7,2019;2020;2021;2022;2023;2024;2025
DE,volume,Nonstocked,44590.41658473862,45687.37879708853,102.46008514018985,1,2019;2020;2021;2022;2023;2024;2025
DE,mortality,Large diameter,12003065.115393007,1856727.7758346784,15.468780332230036,64,2019;2020;2021;2022;2023;2024;2025
DE,mortality,Medium diameter,1306948.7543773148,582071.3371793882,44.53666107641009,11,2019;2020;2021;2022;2023;2024;2025
DE,mortality,Small diameter,0.0,0.0,,0,2019;2020;2021;2022;2023;2024;2025
DE,mortality,Nonstocked,0.0,0.0,,0,2019;2020;2021;2022;2023;2024;2025
DE,biomass,Large diameter,26878066.28865708,1981328.8488256545,7.371545361735354,93,2019;2020;2021;2022;2023;2024;2025
DE,biomass,Medium diameter,2207544.075798207,576811.0614183468,26.12908470286296,17,2019;2020;2021;2022;2023;2024;2025
DE,biomass,Small diameter,250023.16219397084,133165.05808612352,53.261088659782864,8,2019;2020;2021;2022;2023;2024;2025
DE,biomass,Nonstocked,519.0427103387477,531.81160292703,102.46008514018988,1,2019;2020;2021;2022;2023;2024;2025
DE,growth,Large diameter,22761572.96443857,4044520.043186106,17.769070922756715,86,2019;2020;2021;2022;2023;2024;2025
DE,growth,Medium diameter,6788366.354406437,2195089.5393426768,32.33605001176475,17,2019;2020;2021;2022;2023;2024;2025
DE,growth,Small diameter,190512.15786341453,118332.57032999424,62.11287072546382,5,2019;2020;2021;2022;2023;2024;2025
DE,growth,Nonstocked,5962.486785276352,6200.7242665184685,103.99560602516414,1,2019;2020;2021;2022;2023;2024;2025
DE,removals,Large diameter,1764687.785338908,962319.3560220272,54.531989398748735,8,2019;2020;2021;2022;2023;2024;2025
DE,removals,Medium diameter,0.0,0.0,,0,2019;2020;2021;2022;2023;2024;2025
DE,removals,Small diameter,2895334.6175568374,2565399.3726845025,88.60459019583915,2,2019;2020;2021;2022;2023;2024;2025
DE,removals,Nonstocked,0.0,0.0,,0,2019;2020;2021;2022;2023;2024;2025
DE,sawlog,Large diameter,3684546324.5968738,347589419.26507807,9.433710113635438,91,2019;2020;2021;2022;2023;2024;2025
DE,sawlog,Medium diameter,110075662.77849165,36333049.540567815,33.007341153767875,11,2019;2020;2021;2022;2023;2024;2025
DE,sawlog,Small diameter,8464188.08662625,6994786.443034405,82.63978034805774,2,2019;2020;2021;2022;2023;2024;2025
FL,volume,Large diameter,27124930305.393047,681370368.0527893,2.511970944741257,1676,2016;2017;2018;2019;2020;2021;2022;2023;2024
FL,volume,Medium diameter,7482599686.383825,286886692.4863956,3.834051058597277,930,2016;2017;2018;2019;2020;2021;2022;2023;2024
FL,volume,Small diameter,1044884746.5119818,54677708.6144607,5.232893751869284,636,2016;2017;2018;2019;2020;2021;2022;2023;2024
FL,volume,Nonstocked,45115636.45775376,7959281.340679456,17.641957346944494,55,2016;2017;2018;2019;2020;2021;2022;2023;2024
FL,mortality,Large diameter,388089821.9944559,17866858.047305897,4.603794543099648,1023,2016;2017;2018;2019;2020;2021;2022;2023;2024
FL,mortality,Medium diameter,119241915.91475251,9225675.506012691,7.736940014120737,512,2016;2017;2018;2019;2020;2021;2022;2023;2024
FL,mortality,Small diameter,97015160.508683,13214139.047188047,13.620694928402829,208,2016;2017;2018;2019;2020;2021;2022;2023;2024
FL,mortality,Nonstocked,5827308.398394464,2108134.7498305347,36.17681793555609,16,2016;2017;2018;2019;2020;2021;2022;2023;2024
FL,biomass,Large diameter,539413538.6289103,13001613.995434873,2.410324002709049,1676,2016;2017;2018;2019;2020;2021;2022;2023;2024
FL,biomass,Medium diameter,150136553.0339844,5556368.084444074,3.7008762837297535,932,2016;2017;2018;2019;2020;2021;2022;2023;2024
FL,biomass,Small diameter,37043840.94765438,1790689.0386702314,4.833972376678228,787,2016;2017;2018;2019;2020;2021;2022;2023;2024
FL,biomass,Nonstocked,871280.9323553584,151843.20024837265,17.427582150557413,56,2016;2017;2018;2019;2020;2021;2022;2023;2024
FL,growth,Large diameter,491319538.9759108,23761942.481074817,4.836352026748901,1643,2016;2017;2018;2019;2020;2021;2022;2023;2024
FL,growth,Medium diameter,387464429.88532525,20263109.2905109,5.229669545797536,910,2016;2017;2018;2019;2020;2021;2022;2023;2024
FL,growth,Small diameter,44171623.23168772,13234078.253867049,29.96058846298684,798,2016;2017;2018;2019;2020;2021;2022;2023;2024
FL,growth,Nonstocked,7372119.641590774,2561474.886675498,34.74543294474772,89,2016;2017;2018;2019;2020;2021;2022;2023;2024
FL,removals,Large diameter,103678697.28218448,13820691.229663784,13.33030949650893,123,2016;2017;2018;2019;2020;2021;2022;2023;2024
FL,removals,Medium diameter,49228132.28998923,7669454.051462337,15.579413019945012,78,2016;2017;2018;2019;2020;2021;2022;2023;2024
FL,removals,Small diameter,438971580.4959853,34241108.08484435,7.800301797705446,262,2016;2017;2018;2019;2020;2021;2022;2023;2024
FL,removals,Nonstocked,74083740.7390618,16156164.904819,21.807976681043066,39,2016;2017;2018;2019;2020;2021;2022;2023;2024
FL,sawlog,Large diameter,61315116320.28967,1854729660.5388803,3.024914200358673,1498,2016;2017;2018;2019;2020;2021;2022;2023;2024
FL,sawlog,Medium diameter,5315051581.443016,283598037.8381077,5.335753256436167,628,2016;2017;2018;2019;2020;2021;2022;2023;2024
FL,sawlog,Small diameter,1223776760.2398634,122651076.16834085,10.022340687716682,204,2016;2017;2018;2019;2020;2021;2022;2023;2024
FL,sawlog,Nonstocked,80274212.61074184,24445967.34527485,30.45307646157296,17,2016;2017;2018;2019;2020;2021;2022;2023;2024
GA,volume,Large diameter,56023798957.70699,830382730.8665903,1.482196399236431,3129,2016;2019;2020;2021;2022;2023;2024;2025
GA,volume,Medium diameter,11199111766.4995,368823791.7076717,3.2933307515597257,1246,2016;2019;2020;2021;2022;2023;2024;2025
GA,volume,Small diameter,1554579347.3879614,80380966.46451916,5.170592713686634,744,2016;2019;2020;2021;2022;2023;2024;2025
GA,volume,Nonstocked,21272849.484265152,6043062.349478563,28.40739485299524,27,2016;2019;2020;2021;2022;2023;2024;2025
GA,mortality,Large diameter,611717161.5882367,22703177.476988263,3.71138475468674,1883,2016;2019;2020;2021;2022;2023;2024;2025
GA,mortality,Medium diameter,122358428.77055952,9506549.335587284,7.76942743635054,568,2016;2019;2020;2021;2022;2023;2024;2025
GA,mortality,Small diameter,82915809.31455198,11996219.23707685,14.467951692502478,179,2016;2019;2020;2021;2022;2023;2024;2025
GA,mortality,Nonstocked,4470757.321923576,2604126.693161667,58.24799929067101,10,2016;2019;2020;2021;2022;2023;2024;2025
GA,biomass,Large diameter,1098723753.162078,15885452.394424466,1.4458094993128927,3133,2016;2019;2020;2021;2022;2023;2024;2025
GA,biomass,Medium diameter,224852010.34348616,7236012.463642024,3.218122200725811,1248,2016;2019;2020;2021;2022;2023;2024;2025
GA,biomass,Small diameter,50645228.54836987,2416286.2502977937,4.771004731452766,958,2016;2019;2020;2021;2022;2023;2024;2025
GA,biomass,Nonstocked,565213.3933520525,202018.18393385605,35.74193150940174,30,2016;2019;2020;2021;2022;2023;2024;2025
GA,growth,Large diameter,1694892814.4896398,40853459.12863099,2.410386000776848,3117,2016;2019;2020;2021;2022;2023;2024;2025
GA,growth,Medium diameter,955690381.7201828,35587160.34035409,3.72371230484704,1244,2016;2019;2020;2021;2022;2023;2024;2025
GA,growth,Small diameter,187971838.5504416,14812352.377117556,7.88009123672146,1041,2016;2019;2020;2021;2022;2023;2024;2025
GA,growth,Nonstocked,7562659.738446168,3058143.627798246,40.43740871021358,70,2016;2019;2020;2021;2022;2023;2024;2025
GA,removals,Large diameter,393669467.9724754,30039407.866282728,7.630616623888907,338,2016;2019;2020;2021;2022;2023;2024;2025
GA,removals,Medium diameter,94807068.8742982,13093415.44942009,13.810589869390697,110,2016;2019;2020;2021;2022;2023;2024;2025
GA,removals,Small diameter,1211412665.794167,71681937.9637158,5.917218796513342,451,2016;2019;2020;2021;2022;2023;2024;2025
GA,removals,Nonstocked,110833452.6904916,21204151.039237816,19.13154424454461,49,2016;2019;2020;2021;2022;2023;2024;2025
GA,sawlog,Large diameter,166426077278.63742,2926175667.75319,1.7582434890020666,3008,2016;2019;2020;2021;2022;2023;2024;2025
GA,sawlog,Medium diameter,9845715879.655657,457889178.4069752,4.650643833356173,887,2016;2019;2020;2021;2022;2023;2024;2025
GA,sawlog,Small diameter,2621850837.1831646,245884009.4080933,9.378260804198284,248,2016;2019;2020;2021;2022;2023;2024;2025
GA,sawlog,Nonstocked,8793303.46933838,5112676.846956369,58.14284545943293,3,2016;2019;2020;2021;2022;2023;2024;2025
HI,volume,Large diameter,2125968539.2141457,287966957.42820007,13.545212552140857,95,2019
HI,volume,Medium diameter,746555814.3775221,89826061.71558586,12.032062437352094,96,2019
HI,volume,Small diameter,270670583.35034335,35835826.96853716,13.239645965573194,134,2019
HI,volume,Nonstocked,7507517.206913107,2923876.164592331,38.9459801956891,8,2019
HI,mortality,Large diameter,25437217.220213447,5716021.998548203,22.47109795487385,62,2019
HI,mortality,Medium diameter,11072428.503235403,2745861.804038291,24.79909265827221,44,2019
HI,mortality,Small diameter,9105022.773683228,2959019.586472192,32.49876095889421,45,2019
HI,mortality,Nonstocked,0.0,0.0,,0,2019
HI,biomass,Large diameter,62289766.14449777,8602124.214986758,13.809851517232913,95,2019
HI,biomass,Medium diameter,25218581.43208714,2966970.6438406543,11.76501799607807,96,2019
HI,biomass,Small diameter,17066630.19517662,2157845.9425907456,12.643655589376964,145,2019
HI,biomass,Nonstocked,188466.6665936536,77575.12446924114,41.161190926403016,8,2019
HI,growth,Large diameter,31677408.45534341,13678042.858429031,43.17917255671775,76,2019
HI,growth,Medium diameter,16048992.286049772,4716980.2244259445,29.39113023642036,74,2019
HI,growth,Small diameter,5226184.282738943,3288577.75849462,62.92502484759567,81,2019
HI,growth,Nonstocked,701835.7261223993,409985.816470268,58.41620784046079,3,2019
HI,removals,Large diameter,46908.24559246803,39873.28695657719,85.00272490041615,1,2019
HI,removals,Medium diameter,0.0,0.0,,0,2019
HI,removals,Small diameter,16523207.7123438,10050500.600347783,60.82657057466798,4,2019
HI,removals,Nonstocked,0.0,0.0,,0,2019
IA,volume,Large diameter,6520764411.539244,256632857.87730792,3.935625360474096,458,2019;2020;2021;2022;2023;2024;2025
IA,volume,Medium diameter,614907439.6894457,62812763.91012065,10.21499494978362,120,2019;2020;2021;2022;2023;2024;2025
IA,volume,Small diameter,76450123.31926426,13631594.840994967,17.830703534731924,48,2019;2020;2021;2022;2023;2024;2025
IA,volume,Nonstocked,2454579.895797801,1107752.16150625,45.13001036970533,6,2019;2020;2021;2022;2023;2024;2025
IA,mortality,Large diameter,102815697.99715596,8211377.874536572,7.986502095004706,304,2019;2020;2021;2022;2023;2024;2025
IA,mortality,Medium diameter,14797197.913930954,3565934.90586294,24.098717382875297,56,2019;2020;2021;2022;2023;2024;2025
IA,mortality,Small diameter,4186998.0885983016,1375948.322268274,32.86240626703763,17,2019;2020;2021;2022;2023;2024;2025
IA,mortality,Nonstocked,1529836.7716892452,977165.8948261344,63.873866343737326,5,2019;2020;2021;2022;2023;2024;2025
IA,biomass,Large diameter,151393034.79115257,5722778.414500314,3.7800803863895815,458,2019;2020;2021;2022;2023;2024;2025
IA,biomass,Medium diameter,14929447.732114987,1506733.7640848362,10.092361024471629,120,2019;2020;2021;2022;2023;2024;2025
IA,biomass,Small diameter,2211072.1019794475,425784.1991717226,19.25691155844905,54,2019;2020;2021;2022;2023;2024;2025
IA,biomass,Nonstocked,53804.185935228845,23811.81040598633,44.25642725019895,6,2019;2020;2021;2022;2023;2024;2025
IA,growth,Large diameter,95575831.53375772,8835708.132741205,9.24470966242172,438,2019;2020;2021;2022;2023;2024;2025
IA,growth,Medium diameter,22499648.98750072,3959900.148275594,17.599830781695516,113,2019;2020;2021;2022;2023;2024;2025
IA,growth,Small diameter,2937945.908426627,1403100.5569419044,47.75787576338714,52,2019;2020;2021;2022;2023;2024;2025
IA,growth,Nonstocked,-1196030.5055482078,915950.15024132,-76.58250738525176,8,2019;2020;2021;2022;2023;2024;2025
IA,removals,Large diameter,14786536.28920437,3492675.882008428,23.62064931026765,42,2019;2020;2021;2022;2023;2024;2025
IA,removals,Medium diameter,7379487.853407744,4324404.403962732,58.60033229766457,5,2019;2020;2021;2022;2023;2024;2025
IA,removals,Small diameter,2560173.289049631,1214640.4965472636,47.443682884378255,8,2019;2020;2021;2022;2023;2024;2025
IA,removals,Nonstocked,0.0,0.0,,0,2019;2020;2021;2022;2023;2024;2025
IA,sawlog,Large diameter,13292588348.733591,677395518.3575774,5.096039240710513,390,2019;2020;2021;2022;2023;2024;2025
IA,sawlog,Medium diameter,352721877.03353816,61031366.20153253,17.30297159757103,50,2019;2020;2021;2022;2023;2024;2025
IA,sawlog,Small diameter,49376948.10799821,17652177.36846088,35.7498347809016,10,2019;2020;2021;2022;2023;2024;2025
ID,volume,Large diameter,52930752762.27071,935212786.3901116,1.7668609222137035,2337,2014;2015;2016;2017;2018;2019;2020;2021;2022;2023
ID,volume,Medium diameter,3319164935.113517,214694682.2040113,6.46833424674838,359,2014;2015;2016;2017;2018;2019;2020;2021;2022;2023
ID,volume,Small diameter,1809149400.0297992,100704724.8616178,5.566412860096522,605,2014;2015;2016;2017;2018;2019;2020;2021;2022;2023
ID,volume,Nonstocked,219535234.17106107,23893400.500673007,10.883629040637436,164,2014;2015;2016;2017;2018;2019;2020;2021;2022;2023
ID,mortality,Large diameter,660917245.793254,25415705.073759027,3.845520030764863,1518,2014;2015;2016;2017;2018;2019;2020;2021;2022;2023
ID,mortality,Medium diameter,63284718.20930077,6451202.969085156,10.19393488922424,243,2014;2015;2016;2017;2018;2019;2020;2021;2022;2023
ID,mortality,Small diameter,262064823.2772457,23484302.26533706,8.961256978962172,380,2014;2015;2016;2017;2018;2019;2020;2021;2022;2023
ID,mortality,Nonstocked,240857367.3895636,23786397.386339843,9.875719245850444,204,2014;2015;2016;2017;2018;2019;2020;2021;2022;2023
ID,biomass,Large diameter,818280647.2381326,13997626.834134378,1.7106144305598918,2337,2014;2015;2016;2017;2018;2019;2020;2021;2022;2023
ID,biomass,Medium diameter,60158658.92487346,3727733.270971951,6.196503275824631,359,2014;2015;2016;2017;2018;2019;2020;2021;2022;2023
ID,biomass,Small diameter,38219408.30775156,1964230.578271412,5.139353708605246,705,2014;2015;2016;2017;2018;2019;2020;2021;2022;2023
ID,biomass,Nonstocked,3585861.9613388707,386088.7911071821,10.766973053336002,172,2014;2015;2016;2017;2018;2019;2020;2021;2022;2023
ID,growth,Large diameter,456257416.7283914,30202904.829871748,6.619707148311727,2307,2014;2015;2016;2017;2018;2019;2020;2021;2022;2023
ID,growth,Medium diameter,53954750.03883195,8525702.516398346,15.801579120026105,355,2014;2015;2016;2017;2018;2019;2020;2021;2022;2023
ID,growth,Small diameter,-167756073.74496865,21810931.63171209,-13.001574932464257,691,2014;2015;2016;2017;2018;2019;2020;2021;2022;2023
ID,growth,Nonstocked,-209827403.41137588,21908904.88040623,-10.441393509241903,295,2014;2015;2016;2017;2018;2019;2020;2021;2022;2023
ID,removals,Large diameter,61261669.80877268,9549973.81557304,15.588823885119568,92,2014;2015;2016;2017;2018;2019;2020;2021;2022;2023
ID,removals,Medium diameter,753037.9096642013,361020.0180837529,47.94181188630209,10,2014;2015;2016;2017;2018;2019;2020;2021;2022;2023
ID,removals,Small diameter,177987031.86693677,27116170.80972004,15.234913760454246,86,2014;2015;2016;2017;2018;2019;2020;2021;2022;2023
ID,removals,Nonstocked,33925273.53015259,10476908.21236067,30.882310213501608,23,2014;2015;2016;2017;2018;2019;2020;2021;2022;2023
ID,sawlog,Large diameter,226267127312.2839,4512983461.599146,1.994537834641143,2264,2014;2015;2016;2017;2018;2019;2020;2021;2022;2023
ID,sawlog,Medium diameter,5823134424.462442,422105774.8546336,7.2487726383476,306,2014;2015;2016;2017;2018;2019;2020;2021;2022;2023
ID,sawlog,Small diameter,5555937856.01678,385929787.4205313,6.946258173182954,412,2014;2015;2016;2017;2018;2019;2020;2021;2022;2023
ID,sawlog,Nonstocked,762265644.1829922,102917809.39923003,13.501567358389726,115,2014;2015;2016;2017;2018;2019;2020;2021;2022;2023
IL,volume,Large diameter,13669660902.560167,349922017.58016634,2.559844169321201,827,2018;2019;2020;2021;2022;2023;2024
IL,volume,Medium diameter,1173475895.2770364,106425454.52928168,9.069249309476149,191,2018;2019;2020;2021;2022;2023;2024
IL,volume,Small diameter,115090203.4306115,17127293.359224964,14.881625758486994,69,2018;2019;2020;2021;2022;2023;2024
IL,volume,Nonstocked,3577157.254401555,1345710.4033963045,37.619548364569646,8,2018;2019;2020;2021;2022;2023;2024
IL,mortality,Large diameter,206776532.1791173,12684658.710323129,6.134476952798114,556,2018;2019;2020;2021;2022;2023;2024
IL,mortality,Medium diameter,22840233.68210243,3513882.772715668,15.384618308301896,88,2018;2019;2020;2021;2022;2023;2024
IL,mortality,Small diameter,16017364.561008733,5018320.396819324,31.33049995650023,23,2018;2019;2020;2021;2022;2023;2024
IL,mortality,Nonstocked,1858534.168774363,1003185.146237954,53.97722372247365,4,2018;2019;2020;2021;2022;2023;2024
IL,biomass,Large diameter,317036246.3660452,7984143.191365641,2.5183692031690508,828,2018;2019;2020;2021;2022;2023;2024
IL,biomass,Medium diameter,26972246.88058352,2286132.500223848,8.475869698010085,192,2018;2019;2020;2021;2022;2023;2024
IL,biomass,Small diameter,4309933.596385191,641502.968401785,14.8842889120107,77,2018;2019;2020;2021;2022;2023;2024
IL,biomass,Nonstocked,76755.25911335088,29354.37847728532,38.24412661279049,8,2018;2019;2020;2021;2022;2023;2024
IL,growth,Large diameter,197224213.6277358,14918390.472843597,7.56417794673139,775,2018;2019;2020;2021;2022;2023;2024
IL,growth,Medium diameter,52385068.98223859,6648134.095532284,12.690894991063898,172,2018;2019;2020;2021;2022;2023;2024
IL,growth,Small diameter,-1753806.6346191885,3989362.2065995,-227.46876011594787,64,2018;2019;2020;2021;2022;2023;2024
IL,growth,Nonstocked,-1273066.2323408106,898776.8973572953,-70.5993823828551,9,2018;2019;2020;2021;2022;2023;2024
IL,removals,Large diameter,46757685.34149425,7565739.551784121,16.180740121175425,69,2018;2019;2020;2021;2022;2023;2024
IL,removals,Medium diameter,10561271.642862696,5565319.874885573,52.69554711857653,7,2018;2019;2020;2021;2022;2023;2024
IL,removals,Small diameter,3121349.505569096,1553406.9119516015,49.76715709599393,5,2018;2019;2020;2021;2022;2023;2024
IL,removals,Nonstocked,0.0,0.0,,0,2018;2019;2020;2021;2022;2023;2024
IL,sawlog,Large diameter,29542576921.2599,912526233.5865164,3.088851172389872,762,2018;2019;2020;2021;2022;2023;2024
IL,sawlog,Medium diameter,901039066.4513664,113958244.34019068,12.64742546502467,97,2018;2019;2020;2021;2022;2023;2024
IL,sawlog,Small diameter,80921868.0091285,24206341.67969068,29.913226517410653,14,2018;2019;2020;2021;2022;2023;2024
IN,volume,Large diameter,17643479984.72202,433505089.05885625,2.4570271252283584,797,2019;2020;2021;2022;2023;2024;2025
IN,volume,Medium diameter,850199326.0819988,89332519.52731562,10.507244217540087,121,2019;2020;2021;2022;2023;2024;2025
IN,volume,Small diameter,127170571.97339976,23058160.20513944,18.13167924570041,48,2019;2020;2021;2022;2023;2024;2025
IN,volume,Nonstocked,8509439.010406628,4477002.861919375,52.61219754256678,5,2019;2020;2021;2022;2023;2024;2025
IN,mortality,Large diameter,222522943.845213,11720987.054500682,5.267316193090544,554,2019;2020;2021;2022;2023;2024;2025
IN,mortality,Medium diameter,21509311.72252816,3797806.183189312,17.656567686503948,67,2019;2020;2021;2022;2023;2024;2025
IN,mortality,Small diameter,6839223.125601159,2565025.727044496,37.50463583272893,15,2019;2020;2021;2022;2023;2024;2025
IN,mortality,Nonstocked,5765395.603519269,3347959.1046234355,58.06989380884461,3,2019;2020;2021;2022;2023;2024;2025
IN,biomass,Large diameter,389971079.9440121,9586904.462152451,2.458362928740469,797,2019;2020;2021;2022;2023;2024;2025
IN,biomass,Medium diameter,18899079.12246128,1959787.0745589875,10.369749033061664,121,2019;2020;2021;2022;2023;2024;2025
IN,biomass,Small diameter,3905419.0302118897,702528.4579145423,17.98855519676275,53,2019;2020;2021;2022;2023;2024;2025
IN,biomass,Nonstocked,243630.33678173853,142809.3504612379,58.61722819403099,5,2019;2020;2021;2022;2023;2024;2025
IN,growth,Large diameter,335490299.24405754,16552240.256537445,4.933746309158186,752,2019;2020;2021;2022;2023;2024;2025
IN,growth,Medium diameter,30966282.14473328,4555439.823608972,14.710967891842186,113,2019;2020;2021;2022;2023;2024;2025
IN,growth,Small diameter,4848721.224248907,2941644.2307031355,60.668454519342106,47,2019;2020;2021;2022;2023;2024;2025
IN,growth,Nonstocked,-4794634.151097941,2827760.0895213345,-58.97759871571838,4,2019;2020;2021;2022;2023;2024;2025
IN,removals,Large diameter,81752602.93851562,12407615.449605646,15.177028013330837,83,2019;2020;2021;2022;2023;2024;2025
IN,removals,Medium diameter,2708853.255431167,1518126.4621426282,56.043141469506764,10,2019;2020;2021;2022;2023;2024;2025
IN,removals,Small diameter,5615917.688840687,2527862.6786767044,45.0124595611468,7,2019;2020;2021;2022;2023;2024;2025
IN,removals,Nonstocked,0.0,0.0,,0,2019;2020;2021;2022;2023;2024;2025
IN,sawlog,Large diameter,41548058279.96292,1194872355.0586965,2.875880136220322,773,2019;2020;2021;2022;2023;2024;2025
IN,sawlog,Medium diameter,755880006.4408194,107079799.70754214,14.166243159644388,74,2019;2020;2021;2022;2023;2024;2025
IN,sawlog,Small diameter,148594953.8372883,38867655.43251801,26.156780179142665,19,2019;2020;2021;2022;2023;2024;2025
IN,sawlog,Nonstocked,7738866.322692806,4553736.02971769,58.8424174787035,2,2019;2020;2021;2022;2023;2024;2025
KS,volume,Large diameter,3778469827.024952,205646783.6140975,5.442594304796059,343,2019;2020;2021;2022;2023;2024;2025
KS,volume,Medium diameter,785037832.5221837,71040082.86728995,9.049255962486685,152,2019;2020;2021;2022;2023;2024;2025
KS,volume,Small diameter,100407492.9326912,14532760.004528357,14.473780372417512,88,2019;2020;2021;2022;2023;2024;2025
KS,volume,Nonstocked,4481899.46626921,1504474.2486344872,33.56778214141494,11,2019;2020;2021;2022;2023;2024;2025
KS,mortality,Large diameter,53619703.35701882,6028251.136336503,11.242604413900407,190,2019;2020;2021;2022;2023;2024;2025
KS,mortality,Medium diameter,15221370.195875691,2951529.862356332,19.390697580931736,67,2019;2020;2021;2022;2023;2024;2025
KS,mortality,Small diameter,9344943.341291629,3804535.766043121,40.7122400542802,26,2019;2020;2021;2022;2023;2024;2025
KS,mortality,Nonstocked,240391.53385113715,195831.05464521048,81.46337414964006,3,2019;2020;2021;2022;2023;2024;2025
KS,biomass,Large diameter,90727298.34998408,4656801.222566877,5.132745388938051,343,2019;2020;2021;2022;2023;2024;2025
KS,biomass,Medium diameter,20680836.889497425,1849900.05139317,8.94499609120086,152,2019;2020;2021;2022;2023;2024;2025
KS,biomass,Small diameter,3691837.769104695,512474.84029320185,13.881293608886876,98,2019;2020;2021;2022;2023;2024;2025
KS,biomass,Nonstocked,94591.11757206469,31923.53334573841,33.748975765528215,11,2019;2020;2021;2022;2023;2024;2025
KS,growth,Large diameter,70789394.3736175,8687073.936104868,12.271716706962607,312,2019;2020;2021;2022;2023;2024;2025
KS,growth,Medium diameter,20932430.30889299,3199890.198799589,15.286759117693748,133,2019;2020;2021;2022;2023;2024;2025
KS,growth,Small diameter,-626610.0106164321,3473025.8239684138,-554.2563580418704,81,2019;2020;2021;2022;2023;2024;2025
KS,growth,Nonstocked,228491.2571071068,239863.82369583697,104.9772436515587,13,2019;2020;2021;2022;2023;2024;2025
KS,removals,Large diameter,5043308.233614883,2042324.089005845,40.49572214113853,25,2019;2020;2021;2022;2023;2024;2025
KS,removals,Medium diameter,1282393.2570382366,699045.6476983723,54.51102022423758,8,2019;2020;2021;2022;2023;2024;2025
KS,removals,Small diameter,1610075.603164333,765175.1352058599,47.52417425008098,5,2019;2020;2021;2022;2023;2024;2025
KS,removals,Nonstocked,24122.8505894454,23892.783694599824,99.04626986768208,1,2019;2020;2021;2022;2023;2024;2025
KS,sawlog,Large diameter,4822833219.098946,424997437.0290834,8.81219436214479,189,2019;2020;2021;2022;2023;2024;2025
KS,sawlog,Medium diameter,205481235.83809185,32837188.87833156,15.980626525044602,46,2019;2020;2021;2022;2023;2024;2025
KS,sawlog,Small diameter,32747957.31893165,18686561.60234589,57.06176241882164,4,2019;2020;2021;2022;2023;2024;2025
KY,volume,Large diameter,35353797425.87136,560681619.4123209,1.5859162529511546,1821,2016;2017;2018;2019;2020;2021;2022;2023;2024
KY,volume,Medium diameter,4239498704.830213,194536688.6291881,4.588671967455622,579,2016;2017;2018;2019;2020;2021;2022;2023;2024
KY,volume,Small diameter,498477310.2938001,46105075.31108969,9.249182331672344,216,2016;2017;2018;2019;2020;2021;2022;2023;2024
KY,volume,Nonstocked,5586764.633903371,3222732.8277471336,57.685136907145285,6,2016;2017;2018;2019;2020;2021;2022;2023;2024
KY,mortality,Large diameter,336760096.06462264,12549758.277078817,3.726616788549252,1290,2016;2017;2018;2019;2020;2021;2022;2023;2024
KY,mortality,Medium diameter,70056907.77510452,7307919.289962689,10.43140429980502,326,2016;2017;2018;2019;2020;2021;2022;2023;2024
KY,mortality,Small diameter,19869912.786460005,4436040.757643791,22.32541634841322,70,2016;2017;2018;2019;2020;2021;2022;2023;2024
KY,mortality,Nonstocked,1679425.8138078104,1142167.117380547,68.00938201556393,3,2016;2017;2018;2019;2020;2021;2022;2023;2024
KY,biomass,Large diameter,801981140.0680583,12572249.245434534,1.5676489903949136,1824,2016;2017;2018;2019;2020;2021;2022;2023;2024
KY,biomass,Medium diameter,97236531.8401848,4426745.021340618,4.552553384582135,580,2016;2017;2018;2019;2020;2021;2022;2023;2024
KY,biomass,Small diameter,16020763.39714126,1393116.617981169,8.695694352678325,239,2016;2017;2018;2019;2020;2021;2022;2023;2024
KY,biomass,Nonstocked,115676.66121733174,61249.00009922823,52.9484508410512,7,2016;2017;2018;2019;2020;2021;2022;2023;2024
KY,growth,Large diameter,702761403.7232263,19341633.69467428,2.752233345798788,1811,2016;2017;2018;2019;2020;2021;2022;2023;2024
KY,growth,Medium diameter,154083364.81941968,10297910.248883646,6.68333681637368,574,2016;2017;2018;2019;2020;2021;2022;2023;2024
KY,growth,Small diameter,17351646.03786606,4266209.478244083,24.58677101258314,221,2016;2017;2018;2019;2020;2021;2022;2023;2024
KY,growth,Nonstocked,-983289.8712310204,970712.3639711902,-98.7208749293752,9,2016;2017;2018;2019;2020;2021;2022;2023;2024
KY,removals,Large diameter,166123681.1679767,15965626.700270288,9.61068680155635,206,2016;2017;2018;2019;2020;2021;2022;2023;2024
KY,removals,Medium diameter,59471145.443326585,10237913.887143295,17.214926349282415,68,2016;2017;2018;2019;2020;2021;2022;2023;2024
KY,removals,Small diameter,62040442.40202926,12121813.804561244,19.538567642716803,43,2016;2017;2018;2019;2020;2021;2022;2023;2024
KY,removals,Nonstocked,2207777.9177165367,1667215.486553193,75.51554317010122,2,2016;2017;2018;2019;2020;2021;2022;2023;2024
KY,sawlog,Large diameter,97463888420.64784,1992300011.4407265,2.044141726463948,1771,2016;2017;2018;2019;2020;2021;2022;2023;2024
KY,sawlog,Medium diameter,4728655217.368733,290416993.9027524,6.141640287835477,403,2016;2017;2018;2019;2020;2021;2022;2023;2024
KY,sawlog,Small diameter,628472060.3891771,108043065.68865614,17.191387254630094,68,2016;2017;2018;2019;2020;2021;2022;2023;2024
KY,sawlog,Nonstocked,2881200.549027827,2789204.4851394044,96.80702324177108,1,2016;2017;2018;2019;2020;2021;2022;2023;2024
LA,volume,Large diameter,33718140285.17909,623241571.0901035,1.848386553406836,1711,2018;2019;2020;2021;2022;2023;2024;2025
LA,volume,Medium diameter,6455767668.968579,276203985.4889318,4.278406529661563,701,2018;2019;2020;2021;2022;2023;2024;2025
LA,volume,Small diameter,571793181.2061684,47312284.17366141,8.274370126950197,311,2018;2019;2020;2021;2022;2023;2024;2025
LA,volume,Nonstocked,15554257.148559108,5202105.175168334,33.44489631026988,18,2018;2019;2020;2021;2022;2023;2024;2025
LA,mortality,Large diameter,508297476.86433774,22939159.66869981,4.512939904838868,1161,2018;2019;2020;2021;2022;2023;2024;2025
LA,mortality,Medium diameter,101632826.96909702,9885277.2886677,9.72646101015518,328,2018;2019;2020;2021;2022;2023;2024;2025
LA,mortality,Small diameter,58949839.66453493,8951245.59638809,15.184512201096434,123,2018;2019;2020;2021;2022;2023;2024;2025
LA,mortality,Nonstocked,6372622.789722957,3116807.532348112,48.90933662941018,13,2018;2019;2020;2021;2022;2023;2024;2025
LA,biomass,Large diameter,637636695.4282315,11440946.265695538,1.7942735020938363,1711,2018;2019;2020;2021;2022;2023;2024;2025
LA,biomass,Medium diameter,130824502.14377658,5426747.209232877,4.148112257495055,702,2018;2019;2020;2021;2022;2023;2024;2025
LA,biomass,Small diameter,19783933.12148556,1395407.6075853326,7.053236578473393,413,2018;2019;2020;2021;2022;2023;2024;2025
LA,biomass,Nonstocked,342729.7636845143,104808.85996549108,30.58061221142396,20,2018;2019;2020;2021;2022;2023;2024;2025
LA,growth,Large diameter,941687207.0567112,36196882.19182689,3.84383284816643,1638,2018;2019;2020;2021;2022;2023;2024;2025
LA,growth,Medium diameter,497543739.4425292,25175714.768916413,5.060000312158372,667,2018;2019;2020;2021;2022;2023;2024;2025
LA,growth,Small diameter,72822527.92850946,10083334.448829344,13.846449355243813,453,2018;2019;2020;2021;2022;2023;2024;2025
LA,growth,Nonstocked,3752909.896819509,2829624.6026733145,75.3981491820879,42,2018;2019;2020;2021;2022;2023;2024;2025
LA,removals,Large diameter,298975912.9733099,23557886.876095112,7.8795266955830545,277,2018;2019;2020;2021;2022;2023;2024;2025
LA,removals,Medium diameter,58623017.99601713,10023568.249071697,17.098349064445475,73,2018;2019;2020;2021;2022;2023;2024;2025
LA,removals,Small diameter,551144994.4806857,43631441.75300448,7.916508757212981,242,2018;2019;2020;2021;2022;2023;2024;2025
LA,removals,Nonstocked,65174031.23111728,14926928.73464516,22.903184677516634,28,2018;2019;2020;2021;2022;2023;2024;2025
LA,sawlog,Large diameter,107938989646.52911,2349693423.951835,2.1768717973425944,1657,2018;2019;2020;2021;2022;2023;2024;2025
LA,sawlog,Medium diameter,5405216469.306056,323929224.0368508,5.992900115588491,468,2018;2019;2020;2021;2022;2023;2024;2025
LA,sawlog,Small diameter,794718121.5510058,144068024.63951722,18.128191711338847,83,2018;2019;2020;2021;2022;2023;2024;2025
LA,sawlog,Nonstocked,34642653.82412796,18810399.56530964,54.29837927776927,6,2018;2019;2020;2021;2022;2023;2024;2025
MA,volume,Large diameter,11965047025.430408,366710328.1908347,3.064846526816248,452,2019;2020;2021;2022;2023;2024;2025
MA,volume,Medium diameter,733914009.8290533,100288541.29659928,13.6648898853912,77,2019;2020;2021;2022;2023;2024;2025
MA,volume,Small diameter,34608104.076389894,11999287.918885373,34.671901969548934,20,2019;2020;2021;2022;2023;2024;2025
MA,volume,Nonstocked,6605163.166789081,3310233.2614160646,50.11584389103356,6,2019;2020;2021;2022;2023;2024;2025
MA,mortality,Large diameter,121406676.34541029,8934150.452151947,7.358862561012443,312,2019;2020;2021;2022;2023;2024;2025
MA,mortality,Medium diameter,15209293.853781337,4371699.249674366,28.74360434943845,45,2019;2020;2021;2022;2023;2024;2025
MA,mortality,Small diameter,857736.5637931458,520427.3003559116,60.67449171741492,7,2019;2020;2021;2022;2023;2024;2025
MA,mortality,Nonstocked,484599.6965078981,485704.8769205338,100.22806048385912,3,2019;2020;2021;2022;2023;2024;2025
MA,biomass,Large diameter,239964720.8083936,6733926.046585401,2.806215023566855,452,2019;2020;2021;2022;2023;2024;2025
MA,biomass,Medium diameter,15985846.433697289,2156838.0300177955,13.492172835285714,77,2019;2020;2021;2022;2023;2024;2025
MA,biomass,Small diameter,1120759.543095962,321036.17553062155,28.64451857744597,22,2019;2020;2021;2022;2023;2024;2025
MA,biomass,Nonstocked,139116.2833419134,71377.71762354574,51.30795325240035,6,2019;2020;2021;2022;2023;2024;2025
MA,growth,Large diameter,148317992.05929622,12032892.460829036,8.11290140444889,424,2019;2020;2021;2022;2023;2024;2025
MA,growth,Medium diameter,10738833.765661793,4125809.342221232,38.41952890092972,72,2019;2020;2021;2022;2023;2024;2025
MA,growth,Small diameter,352652.5352995456,743361.1871855477,210.7913917460232,19,2019;2020;2021;2022;2023;2024;2025
MA,growth,Nonstocked,-217313.93562391165,498983.418693226,-229.61409136539584,6,2019;2020;2021;2022;2023;2024;2025
MA,removals,Large diameter,36138886.20156325,8191823.5464292625,22.66761488093374,34,2019;2020;2021;2022;2023;2024;2025
MA,removals,Medium diameter,4545620.407906982,3400641.638801574,74.81138620563765,4,2019;2020;2021;2022;2023;2024;2025
MA,removals,Small diameter,1021681.1910863058,1014723.56240172,99.3190019797479,1,2019;2020;2021;2022;2023;2024;2025
MA,removals,Nonstocked,0.0,0.0,,0,2019;2020;2021;2022;2023;2024;2025
MA,sawlog,Large diameter,31234172336.691063,1132660663.3784802,3.626350815923281,439,2019;2020;2021;2022;2023;2024;2025
MA,sawlog,Medium diameter,856707798.953113,136188967.7948206,15.896781605261673,62,2019;2020;2021;2022;2023;2024;2025
MA,sawlog,Small diameter,52033839.70373231,28103348.8803658,54.00975411459014,6,2019;2020;2021;2022;2023;2024;2025
MA,sawlog,Nonstocked,7377673.056329169,4518763.033384286,61.24916350837373,3,2019;2020;2021;2022;2023;2024;2025
MD,volume,Large diameter,9867778146.173143,378147883.06510335,3.8321482046265314,360,2019;2020;2021;2022;2023;2024;2025
MD,volume,Medium diameter,621830300.7094524,100512523.63727424,16.163979709994592,48,2019;2020;2021;2022;2023;2024;2025
MD,volume,Small diameter,55329224.26587571,17705163.12258753,31.99965905451377,15,2019;2020;2021;2022;2023;2024;2025
MD,volume,Nonstocked,6833575.531048002,3855423.88588558,56.418837669513685,4,2019;2020;2021;2022;2023;2024;2025
MD,mortality,Large diameter,97215565.63248928,9829580.312257146,10.111117749822686,225,2019;2020;2021;2022;2023;2024;2025
MD,mortality,Medium diameter,4171955.187155224,970484.4452325772,23.26210138163857,23,2019;2020;2021;2022;2023;2024;2025
MD,mortality,Small diameter,1656649.7654667897,944904.2244916034,57.03705419143681,5,2019;2020;2021;2022;2023;2024;2025
MD,mortality,Nonstocked,3560558.557382956,2981326.14503845,83.73197904178701,3,2019;2020;2021;2022;2023;2024;2025
MD,biomass,Large diameter,211090188.1684612,8029790.813565492,3.803962127864177,360,2019;2020;2021;2022;2023;2024;2025
MD,biomass,Medium diameter,13977637.579992384,2236833.7073484794,16.002945380056836,48,2019;2020;2021;2022;2023;2024;2025
MD,biomass,Small diameter,1838831.8627760368,594700.6454076151,32.341219305924525,16,2019;2020;2021;2022;2023;2024;2025
MD,biomass,Nonstocked,160118.53148813796,92683.31528878324,57.88419018547487,4,2019;2020;2021;2022;2023;2024;2025
MD,growth,Large diameter,150093349.4797064,17688944.509843804,11.785295331979691,316,2019;2020;2021;2022;2023;2024;2025
MD,growth,Medium diameter,36475837.88555906,7526150.236813706,20.63324839973955,45,2019;2020;2021;2022;2023;2024;2025
MD,growth,Small diameter,2619137.024343182,1621731.2807394352,61.91853521470979,12,2019;2020;2021;2022;2023;2024;2025
MD,growth,Nonstocked,-3235278.382295328,2737392.176478735,-84.61071515387316,3,2019;2020;2021;2022;2023;2024;2025
MD,removals,Large diameter,29162802.19360743,9229916.547381124,31.64962161765219,25,2019;2020;2021;2022;2023;2024;2025
MD,removals,Medium diameter,216338.49407092915,168396.7847570461,77.83949198695782,3,2019;2020;2021;2022;2023;2024;2025
MD,removals,Small diameter,2779927.347204774,2375282.493818535,85.44404932765201,1,2019;2020;2021;2022;2023;2024;2025
MD,removals,Nonstocked,0.0,0.0,,0,2019;2020;2021;2022;2023;2024;2025
MD,sawlog,Large diameter,31009402084.183426,1468075469.9015942,4.7342914446273605,354,2019;2020;2021;2022;2023;2024;2025
MD,sawlog,Medium diameter,619932036.5379038,110902453.31165802,17.889453484450993,39,2019;2020;2021;2022;2023;2024;2025
MD,sawlog,Small diameter,73177258.20860218,39052537.31393715,53.36704089488068,7,2019;2020;2021;2022;2023;2024;2025
MD,sawlog,Nonstocked,9981897.820521943,7421807.777076719,74.35267231265487,2,2019;2020;2021;2022;2023;2024;2025
ME,volume,Large diameter,21251640143.193226,552297099.3366472,2.5988445861838323,1219,2021;2022;2023;2024;2025
ME,volume,Medium diameter,14892621077.974056,357050934.9880958,2.3975023141908065,1403,2021;2022;2023;2024;2025
ME,volume,Small diameter,2299849457.5155435,101818664.03733696,4.427188210280882,721,2021;2022;2023;2024;2025
ME,volume,Nonstocked,3360452.9520418164,2059828.2467592563,61.29614894645977,5,2021;2022;2023;2024;2025
ME,mortality,Large diameter,219054674.24588385,10364850.059086593,4.731626976127561,869,2021;2022;2023;2024;2025
ME,mortality,Medium diameter,178148696.46012965,7983161.232391464,4.48117858340778,986,2021;2022;2023;2024;2025
ME,mortality,Small diameter,33648279.00509904,2969896.5071107782,8.826295415170332,290,2021;2022;2023;2024;2025
ME,mortality,Nonstocked,137950.579213645,138975.5084414303,100.74296841204124,1,2021;2022;2023;2024;2025
ME,biomass,Large diameter,414157085.8867608,10449461.104782958,2.5230670827252384,1219,2021;2022;2023;2024;2025
ME,biomass,Medium diameter,342560014.2261266,7939579.90761485,2.3177194003658204,1404,2021;2022;2023;2024;2025
ME,biomass,Small diameter,91778185.10526337,3968596.194821823,4.324117098491447,772,2021;2022;2023;2024;2025
ME,biomass,Nonstocked,78993.33743558005,54542.00289132357,69.04633309841249,5,2021;2022;2023;2024;2025
ME,growth,Large diameter,296739595.853366,13720776.56768307,4.623844191815642,1207,2021;2022;2023;2024;2025
ME,growth,Medium diameter,511791795.5617183,15747280.10295488,3.0768918610098885,1390,2021;2022;2023;2024;2025
ME,growth,Small diameter,142688023.40814927,7595571.521236081,5.323201863627665,739,2021;2022;2023;2024;2025
ME,growth,Nonstocked,777343.9473576649,590774.1290636178,75.99906464464897,8,2021;2022;2023;2024;2025
ME,removals,Large diameter,158629334.5629942,19454524.02872436,12.264140224958622,122,2021;2022;2023;2024;2025
ME,removals,Medium diameter,160260860.5683775,18245786.26867764,11.385054469299336,140,2021;2022;2023;2024;2025
ME,removals,Small diameter,210586401.85107303,24242705.86756853,11.511999661171382,122,2021;2022;2023;2024;2025
ME,removals,Nonstocked,7775920.449313016,4408747.208852608,56.69743199651831,4,2021;2022;2023;2024;2025
ME,sawlog,Large diameter,48349886954.898834,1402858064.3102777,2.9014712394651,1206,2021;2022;2023;2024;2025
ME,sawlog,Medium diameter,14818912197.756063,474451515.647892,3.2016622361777345,1237,2021;2022;2023;2024;2025
ME,sawlog,Small diameter,1803111264.0816703,138593737.9937283,7.686366379853686,346,2021;2022;2023;2024;2025
ME,sawlog,Nonstocked,8159126.936893188,8229493.915330308,100.86243269630896,1,2021;2022;2023;2024;2025
MI,volume,Large diameter,42586886030.16543,755108729.5973396,1.773101534266854,2416,2019;2020;2021;2022;2023;2024;2025
MI,volume,Medium diameter,12891777363.24261,382480664.05279016,2.966857503631187,1408,2019;2020;2021;2022;2023;2024;2025
MI,volume,Small diameter,1286459137.154035,76065493.50598258,5.912779606374301,672,2019;2020;2021;2022;2023;2024;2025
MI,volume,Nonstocked,14996085.325286906,3865218.148622455,25.77484766710945,26,2019;2020;2021;2022;2023;2024;2025
MI,mortality,Large diameter,414087129.036746,16033913.357756663,3.872111020464444,1612,2019;2020;2021;2022;2023;2024;2025
MI,mortality,Medium diameter,194361859.19676057,9788562.8150258,5.036257039050255,959,2019;2020;2021;2022;2023;2024;2025
MI,mortality,Small diameter,41327197.57909849,4899743.843864268,11.855978945793185,249,2019;2020;2021;2022;2023;2024;2025
MI,mortality,Nonstocked,4605819.835324665,2131988.051581814,46.28900234504136,18,2019;2020;2021;2022;2023;2024;2025
MI,biomass,Large diameter,847653019.5388471,14959374.69869569,1.764799316922638,2417,2019;2020;2021;2022;2023;2024;2025
MI,biomass,Medium diameter,268241225.9361484,7830483.461880316,2.9191946295921976,1409,2019;2020;2021;2022;2023;2024;2025
MI,biomass,Small diameter,47441829.25334054,2447451.2942937254,5.1588468084235855,774,2019;2020;2021;2022;2023;2024;2025
MI,biomass,Nonstocked,299317.5446794732,76524.32494962426,25.56626776808924,27,2019;2020;2021;2022;2023;2024;2025
MI,growth,Large diameter,664922781.0309651,21424852.26887991,3.222156448852692,2295,2019;2020;2021;2022;2023;2024;2025
MI,growth,Medium diameter,330873818.7619535,15024374.80930801,4.540817059967282,1340,2019;2020;2021;2022;2023;2024;2025
MI,growth,Small diameter,57322626.600614615,6503205.645504588,11.344919155248306,687,2019;2020;2021;2022;2023;2024;2025
MI,growth,Nonstocked,-2291458.3198593995,1998178.3953264824,-87.20116696030884,37,2019;2020;2021;2022;2023;2024;2025
MI,removals,Large diameter,237717114.0201088,19949695.94626896,8.392200127661562,270,2019;2020;2021;2022;2023;2024;2025
MI,removals,Medium diameter,70972430.31601657,12498688.329245068,17.610624680023747,95,2019;2020;2021;2022;2023;2024;2025
MI,removals,Small diameter,212480384.08300772,24988474.21096944,11.76036758348828,116,2019;2020;2021;2022;2023;2024;2025
MI,removals,Nonstocked,10717830.89177198,4106444.9522177214,38.31414204687832,11,2019;2020;2021;2022;2023;2024;2025
MI,sawlog,Large diameter,98957461895.0287,1955457957.5769875,1.976059126952228,2375,2019;2020;2021;2022;2023;2024;2025
MI,sawlog,Medium diameter,13576109101.101362,511256082.7014689,3.7658513119933104,1130,2019;2020;2021;2022;2023;2024;2025
MI,sawlog,Small diameter,1491929965.047251,145826245.70097318,9.774335868128684,250,2019;2020;2021;2022;2023;2024;2025
MI,sawlog,Nonstocked,11223824.702203356,6549335.118309533,58.35207954578825,4,2019;2020;2021;2022;2023;2024;2025
MN,volume,Large diameter,17264897148.086548,376866670.7932047,2.1828492087772005,2150,2021;2022;2023;2024;2025
MN,volume,Medium diameter,13928611617.405664,255072564.40303192,1.831284922068504,2754,2021;2022;2023;2024;2025
MN,volume,Small diameter,1826219189.9596395,59496108.07880775,3.2578842893509754,1741,2021;2022;2023;2024;2025
MN,volume,Nonstocked,15100202.885346873,2714315.120041732,17.975355302515066,59,2021;2022;2023;2024;2025
MN,mortality,Large diameter,235846165.0467696,9414052.6198093,3.991607248709107,1293,2021;2022;2023;2024;2025
MN,mortality,Medium diameter,239798073.14380732,9441483.221048037,3.937264006031424,1818,2021;2022;2023;2024;2025
MN,mortality,Small diameter,58568195.90304956,3873572.601896866,6.61378166455555,619,2021;2022;2023;2024;2025
MN,mortality,Nonstocked,3701996.499807895,1731718.4868128097,46.77796121370381,21,2021;2022;2023;2024;2025
MN,biomass,Large diameter,335775673.3645769,6943854.068882674,2.0680039144298608,2154,2021;2022;2023;2024;2025
MN,biomass,Medium diameter,285779238.4327176,5035519.675119579,1.7620313157581304,2757,2021;2022;2023;2024;2025
MN,biomass,Small diameter,81250313.87131494,2227666.8168219468,2.741733183148249,2131,2021;2022;2023;2024;2025
MN,biomass,Nonstocked,290216.57354998944,47852.33650799268,16.488491998459274,63,2021;2022;2023;2024;2025
MN,growth,Large diameter,245198156.4422865,11303117.106673429,4.609788780909492,2093,2021;2022;2023;2024;2025
MN,growth,Medium diameter,475428319.0803509,14054367.294231724,2.9561485360017925,2679,2021;2022;2023;2024;2025
MN,growth,Small diameter,87388713.08992745,5165703.7038477175,5.911179511857491,1794,2021;2022;2023;2024;2025
MN,growth,Nonstocked,-1543625.932546021,1554678.302449546,-100.71600053293324,77,2021;2022;2023;2024;2025
MN,removals,Large diameter,66945949.18563013,8841692.063094087,13.207209951684346,144,2021;2022;2023;2024;2025
MN,removals,Medium diameter,27615491.573616635,5639182.490522973,20.420358897071203,102,2021;2022;2023;2024;2025
MN,removals,Small diameter,181887701.3885055,16621547.68105052,9.138357103951464,184,2021;2022;2023;2024;2025
MN,removals,Nonstocked,9868872.22817188,3664630.944797248,37.13322920866397,13,2021;2022;2023;2024;2025
MN,sawlog,Large diameter,39297994235.86451,1028036676.8975075,2.616002920472951,2038,2021;2022;2023;2024;2025
MN,sawlog,Medium diameter,11282382431.172953,305942390.2496261,2.7116825024855973,1929,2021;2022;2023;2024;2025
MN,sawlog,Small diameter,1488328152.45718,97160148.4532462,6.528140201664401,496,2021;2022;2023;2024;2025
MN,sawlog,Nonstocked,14174057.227796985,4843000.191183252,34.16805868178353,9,2021;2022;2023;2024;2025
MO,volume,Large diameter,30624858246.496853,468183286.59950405,1.5287688283522392,2219,2019;2020;2021;2022;2023;2024;2025
MO,volume,Medium diameter,6633629845.415315,239604384.6366787,3.611964945591228,854,2019;2020;2021;2022;2023;2024;2025
MO,volume,Small diameter,364932084.1442304,35407676.16873162,9.70253855639002,202,2019;2020;2021;2022;2023;2024;2025
MO,volume,Nonstocked,5001059.334175469,1813802.7029844413,36.26836999492399,13,2019;2020;2021;2022;2023;2024;2025
MO,mortality,Large diameter,332609563.3395579,11739850.223421851,3.5296189639131788,1452,2019;2020;2021;2022;2023;2024;2025
MO,mortality,Medium diameter,75760192.37201212,5131432.29859721,6.77325669053198,493,2019;2020;2021;2022;2023;2024;2025
MO,mortality,Small diameter,14616983.77911814,3175435.62606086,21.72428781509148,51,2019;2020;2021;2022;2023;2024;2025
MO,mortality,Nonstocked,3079334.381894532,1905715.372660743,61.887250175418416,6,2019;2020;2021;2022;2023;2024;2025
MO,biomass,Large diameter,742623031.9312774,11238049.446426071,1.5132912612742728,2222,2019;2020;2021;2022;2023;2024;2025
MO,biomass,Medium diameter,168405601.54336712,6003975.634931508,3.565187606533022,856,2019;2020;2021;2022;2023;2024;2025
MO,biomass,Small diameter,12887719.182798648,1134900.3944315396,8.806060857892536,220,2019;2020;2021;2022;2023;2024;2025
MO,biomass,Nonstocked,108409.33761880283,39763.57132010879,36.67910181310072,13,2019;2020;2021;2022;2023;2024;2025
MO,growth,Large diameter,508657557.7231604,16376286.528301772,3.219511099295344,2147,2019;2020;2021;2022;2023;2024;2025
MO,growth,Medium diameter,200051211.9085965,9235453.22087028,4.616544500160272,820,2019;2020;2021;2022;2023;2024;2025
MO,growth,Small diameter,12488386.9605916,3699496.3479959234,29.62349228663452,196,2019;2020;2021;2022;2023;2024;2025
MO,growth,Nonstocked,-1653730.5137007704,1297464.5638750938,-78.45683157720701,20,2019;2020;2021;2022;2023;2024;2025
MO,removals,Large diameter,97507428.60272343,9987204.603722949,10.242506388322496,209,2019;2020;2021;2022;2023;2024;2025
MO,removals,Medium diameter,36034911.799439184,6267426.778952924,17.392651919992947,81,2019;2020;2021;2022;2023;2024;2025
MO,removals,Small diameter,20725566.33628836,5717361.47829083,27.586032562498964,25,2019;2020;2021;2022;2023;2024;2025
MO,removals,Nonstocked,1714697.5864324411,1170266.0483693634,68.24912203930904,2,2019;2020;2021;2022;2023;2024;2025
MO,sawlog,Large diameter,61430265385.14467,1111050923.212109,1.8086376743552024,2071,2019;2020;2021;2022;2023;2024;2025
MO,sawlog,Medium diameter,5577192370.093278,269721923.8064128,4.836159592642879,580,2019;2020;2021;2022;2023;2024;2025
MO,sawlog,Small diameter,278740607.0507702,49037163.5416215,17.59240035402872,48,2019;2020;2021;2022;2023;2024;2025
MO,sawlog,Nonstocked,3515750.681106395,3415846.0322691533,97.15836935269247,1,2019;2020;2021;2022;2023;2024;2025
MS,volume,Large diameter,52080363145.6023,794700167.7827357,1.5259113412112233,2821,2018;2019;2020;2021;2022;2023;2024
MS,volume,Medium diameter,8331999731.194141,314817674.54804885,3.778416763137956,934,2018;2019;2020;2021;2022;2023;2024
MS,volume,Small diameter,756378657.3276564,53415459.74082878,7.061999862548962,405,2018;2019;2020;2021;2022;2023;2024
MS,volume,Nonstocked,30208417.67901019,8408796.892374398,27.835939577256006,30,2018;2019;2020;2021;2022;2023;2024
MS,mortality,Large diameter,590040162.834927,23254650.00125381,3.9411978143188975,1796,2018;2019;2020;2021;2022;2023;2024
MS,mortality,Medium diameter,108501379.79143798,12388066.49549065,11.4174276117991,428,2018;2019;2020;2021;2022;2023;2024
MS,mortality,Small diameter,38548076.88923822,7309481.801537051,18.96198822716808,100,2018;2019;2020;2021;2022;2023;2024
MS,mortality,Nonstocked,4010645.932278771,1625483.3489946122,40.52921590291179,17,2018;2019;2020;2021;2022;2023;2024
MS,biomass,Large diameter,1019026533.184202,15232053.59402548,1.494765160474197,2823,2018;2019;2020;2021;2022;2023;2024
MS,biomass,Medium diameter,170855782.52092507,6309309.77673241,3.692769237096026,934,2018;2019;2020;2021;2022;2023;2024
MS,biomass,Small diameter,24555086.2145538,1615231.7610081811,6.577992628064296,538,2018;2019;2020;2021;2022;2023;2024
MS,biomass,Nonstocked,647928.5510700654,194535.58774668284,30.024234527928108,35,2018;2019;2020;2021;2022;2023;2024
MS,growth,Large diameter,1945199166.743436,48694538.77432364,2.5033189200798303,2804,2018;2019;2020;2021;2022;2023;2024
MS,growth,Medium diameter,765895809.5823909,33372581.65754876,4.357326576280049,935,2018;2019;2020;2021;2022;2023;2024
MS,growth,Small diameter,125234914.35685492,10665264.32728036,8.51620682782587,558,2018;2019;2020;2021;2022;2023;2024
MS,growth,Nonstocked,10809032.196412291,3102812.2969449726,28.705736467089537,62,2018;2019;2020;2021;2022;2023;2024
MS,removals,Large diameter,433166721.46296376,33230513.905397262,7.671529750292351,303,2018;2019;2020;2021;2022;2023;2024
MS,removals,Medium diameter,64091195.68795884,12492107.354796551,19.491144174649115,69,2018;2019;2020;2021;2022;2023;2024
MS,removals,Small diameter,845657799.412727,63574826.365280606,7.517795780921147,253,2018;2019;2020;2021;2022;2023;2024
MS,removals,Nonstocked,109042802.31807956,22938695.293650944,21.03641396406744,40,2018;2019;2020;2021;2022;2023;2024
MS,sawlog,Large diameter,159839200097.01465,2875078376.650268,1.7987317096840043,2761,2018;2019;2020;2021;2022;2023;2024
MS,sawlog,Medium diameter,7597833162.970388,388967176.62809336,5.119448772892321,672,2018;2019;2020;2021;2022;2023;2024
MS,sawlog,Small diameter,1103853470.297876,128764515.94185238,11.66500078195208,137,2018;2019;2020;2021;2022;2023;2024
MS,sawlog,Nonstocked,68726965.21439582,32102993.55962742,46.7109139178213,10,2018;2019;2020;2021;2022;2023;2024
MT,volume,Large diameter,41763216556.3624,745863351.7047125,1.7859336832883008,2439,2013;2014;2015;2016;2017;2018;2019;2020;2021;2022
MT,volume,Medium diameter,8532535312.794172,342290713.36085945,4.011594453615787,839,2013;2014;2015;2016;2017;2018;2019;2020;2021;2022
MT,volume,Small diameter,2017916110.2470293,95532251.85361984,4.7342033382113655,734,2013;2014;2015;2016;2017;2018;2019;2020;2021;2022
MT,volume,Nonstocked,170320212.51132503,18002597.74772601,10.569853972281164,159,2013;2014;2015;2016;2017;2018;2019;2020;2021;2022
MT,mortality,Large diameter,560930388.9006269,21607709.084630266,3.852119534293628,1566,2013;2014;2015;2016;2017;2018;2019;2020;2021;2022
MT,mortality,Medium diameter,192422811.7175503,13540711.220156709,7.036957364510696,579,2013;2014;2015;2016;2017;2018;2019;2020;2021;2022
MT,mortality,Small diameter,235799702.11395016,22787188.18461283,9.663790064332195,388,2013;2014;2015;2016;2017;2018;2019;2020;2021;2022
MT,mortality,Nonstocked,169401260.17013794,18625180.45816976,10.994711869004744,169,2013;2014;2015;2016;2017;2018;2019;2020;2021;2022
MT,biomass,Large diameter,665585558.6781615,11537087.506708996,1.7333740728421754,2439,2013;2014;2015;2016;2017;2018;2019;2020;2021;2022
MT,biomass,Medium diameter,152980124.7359681,5976657.01061454,3.906819281870628,839,2013;2014;2015;2016;2017;2018;2019;2020;2021;2022
MT,biomass,Small diameter,50014155.4533738,2223127.735383312,4.444997051796356,855,2013;2014;2015;2016;2017;2018;2019;2020;2021;2022
MT,biomass,Nonstocked,2864311.8740426376,295638.7374156583,10.32145766300229,165,2013;2014;2015;2016;2017;2018;2019;2020;2021;2022
MT,growth,Large diameter,170889275.59393895,21719338.180909745,12.70959696295891,2371,2013;2014;2015;2016;2017;2018;2019;2020;2021;2022
MT,growth,Medium diameter,37639512.40805491,13142348.7404487,34.91636288475463,826,2013;2014;2015;2016;2017;2018;2019;2020;2021;2022
MT,growth,Small diameter,-142868022.38373435,20991905.70099596,-14.693215004133709,785,2013;2014;2015;2016;2017;2018;2019;2020;2021;2022
MT,growth,Nonstocked,-147381305.22712284,17143971.567760322,-11.632392277528348,278,2013;2014;2015;2016;2017;2018;2019;2020;2021;2022
MT,removals,Large diameter,66153664.741697125,9605633.99439092,14.520184228488285,115,2013;2014;2015;2016;2017;2018;2019;2020;2021;2022
MT,removals,Medium diameter,21439706.387739927,5733210.026715782,26.741084616691666,34,2013;2014;2015;2016;2017;2018;2019;2020;2021;2022
MT,removals,Small diameter,69790535.38498005,11190244.766135376,16.03404344787944,71,2013;2014;2015;2016;2017;2018;2019;2020;2021;2022
MT,removals,Nonstocked,15722460.19995482,5636834.515707023,35.85211502537764,15,2013;2014;2015;2016;2017;2018;2019;2020;2021;2022
MT,sawlog,Large diameter,153590261301.96906,3169699677.272181,2.06373740782974,2341,2013;2014;2015;2016;2017;2018;2019;2020;2021;2022
MT,sawlog,Medium diameter,12481247162.163052,613687232.7544758,4.916874289733409,707,2013;2014;2015;2016;2017;2018;2019;2020;2021;2022
MT,sawlog,Small diameter,4766476628.795906,301386491.4376532,6.323045614382643,472,2013;2014;2015;2016;2017;2018;2019;2020;2021;2022
MT,sawlog,Nonstocked,420394976.8725704,63070340.50633298,15.0026389410097,95,2013;2014;2015;2016;2017;2018;2019;2020;2021;2022
NC,volume,Large diameter,55990157639.72026,875212381.7425653,1.563153987481679,2453,2017;2018;2019;2020;2021;2022;2023;2024
NC,volume,Medium diameter,8426580801.043261,320806583.01549494,3.807078939725792,897,2017;2018;2019;2020;2021;2022;2023;2024
NC,volume,Small diameter,985828238.9910862,71152690.6138511,7.217554519098581,437,2017;2018;2019;2020;2021;2022;2023;2024
NC,volume,Nonstocked,15066647.31601682,8489352.024204262,56.34532916410362,20,2017;2018;2019;2020;2021;2022;2023;2024
NC,mortality,Large diameter,514119140.4069096,18908789.094126534,3.677900239069257,1644,2017;2018;2019;2020;2021;2022;2023;2024
NC,mortality,Medium diameter,99616987.29827522,8714559.982377766,8.74806618702938,395,2017;2018;2019;2020;2021;2022;2023;2024
NC,mortality,Small diameter,24519417.33160373,6305283.437773404,25.715470121087897,102,2017;2018;2019;2020;2021;2022;2023;2024
NC,mortality,Nonstocked,3274265.474252482,1258805.4835571002,38.4454313022522,12,2017;2018;2019;2020;2021;2022;2023;2024
NC,biomass,Large diameter,1107887839.7663112,16835805.08608029,1.5196308219820789,2453,2017;2018;2019;2020;2021;2022;2023;2024
NC,biomass,Medium diameter,172280927.80069113,6442741.052892273,3.739671671809065,898,2017;2018;2019;2020;2021;2022;2023;2024
NC,biomass,Small diameter,35135604.94586557,2168056.902235249,6.170540981365303,563,2017;2018;2019;2020;2021;2022;2023;2024
NC,biomass,Nonstocked,252587.9306399296,142781.71510042332,56.52752874560828,20,2017;2018;2019;2020;2021;2022;2023;2024
NC,growth,Large diameter,1414031961.069777,38210363.25597832,2.7022276941371617,2435,2017;2018;2019;2020;2021;2022;2023;2024
NC,growth,Medium diameter,573564110.5722483,27070291.7776562,4.719662768064063,892,2017;2018;2019;2020;2021;2022;2023;2024
NC,growth,Small diameter,141577808.57538638,10721780.50052782,7.57306572860164,583,2017;2018;2019;2020;2021;2022;2023;2024
NC,growth,Nonstocked,6305287.391090705,2059202.968439668,32.65835227985479,57,2017;2018;2019;2020;2021;2022;2023;2024
NC,removals,Large diameter,261604854.99825275,22312696.23929204,8.529159842786962,262,2017;2018;2019;2020;2021;2022;2023;2024
NC,removals,Medium diameter,41648168.83748615,8555194.69772421,20.54158666880922,69,2017;2018;2019;2020;2021;2022;2023;2024
NC,removals,Small diameter,671808810.5793722,54464341.82215222,8.10711931199322,238,2017;2018;2019;2020;2021;2022;2023;2024
NC,removals,Nonstocked,82457354.78675248,17009740.888692617,20.62853087233085,35,2017;2018;2019;2020;2021;2022;2023;2024
NC,sawlog,Large diameter,175320563109.38318,3274009737.5740023,1.8674419472012165,2420,2017;2018;2019;2020;2021;2022;2023;2024
NC,sawlog,Medium diameter,8741021776.863564,425867874.3095857,4.872060557460306,706,2017;2018;2019;2020;2021;2022;2023;2024
NC,sawlog,Small diameter,1539868972.802034,220603026.04335853,14.326090721987638,161,2017;2018;2019;2020;2021;2022;2023;2024
NC,sawlog,Nonstocked,50270481.8274718,44685640.92391565,88.89041699913817,3,2017;2018;2019;2020;2021;2022;2023;2024
ND,volume,Large diameter,770418101.5250655,99829911.63834468,12.957887599048934,77,2019;2020;2021;2022;2023;2024;2025
ND,volume,Medium diameter,390914507.77271575,47640696.247399725,12.18698597778797,80,2019;2020;2021;2022;2023;2024;2025
ND,volume,Small diameter,34818124.264083415,8670602.82710594,24.90255581071059,32,2019;2020;2021;2022;2023;2024;2025
ND,volume,Nonstocked,143390.4290025118,102084.76464912535,71.19356944481777,2,2019;2020;2021;2022;2023;2024;2025
ND,mortality,Large diameter,9517804.932379715,2324304.5593605945,24.420594621069355,39,2019;2020;2021;2022;2023;2024;2025
ND,mortality,Medium diameter,7405124.796545076,2306444.259160005,31.14659539885265,47,2019;2020;2021;2022;2023;2024;2025
ND,mortality,Small diameter,1341894.6629975757,573934.4252342588,42.77045293198962,10,2019;2020;2021;2022;2023;2024;2025
ND,mortality,Nonstocked,0.0,0.0,,0,2019;2020;2021;2022;2023;2024;2025
ND,biomass,Large diameter,14061987.21382785,1711672.259596057,12.172335485505808,77,2019;2020;2021;2022;2023;2024;2025
ND,biomass,Medium diameter,8809117.050225036,1014606.070553294,11.517681792267425,80,2019;2020;2021;2022;2023;2024;2025
ND,biomass,Small diameter,1111965.6440051517,283491.7443501831,25.49464957649984,34,2019;2020;2021;2022;2023;2024;2025
ND,biomass,Nonstocked,2657.7656825614386,1897.7320654864773,71.40328727766271,2,2019;2020;2021;2022;2023;2024;2025
ND,growth,Large diameter,12600599.389983226,3212781.909965534,25.49705621559175,75,2019;2020;2021;2022;2023;2024;2025
ND,growth,Medium diameter,8978624.20140399,2603758.277732962,28.99952397301372,79,2019;2020;2021;2022;2023;2024;2025
ND,growth,Small diameter,890537.9881396435,741222.8250062545,83.23315062108556,30,2019;2020;2021;2022;2023;2024;2025
ND,growth,Nonstocked,15354.61597807309,12835.243423510488,83.59208359127736,2,2019;2020;2021;2022;2023;2024;2025
ND,removals,Large diameter,452504.0518622373,456772.508844924,100.94329696388802,1,2019;2020;2021;2022;2023;2024;2025
ND,removals,Medium diameter,0.0,0.0,,0,2019;2020;2021;2022;2023;2024;2025
ND,removals,Small diameter,0.0,0.0,,0,2019;2020;2021;2022;2023;2024;2025
ND,removals,Nonstocked,0.0,0.0,,0,2019;2020;2021;2022;2023;2024;2025
ND,sawlog,Large diameter,1601363671.065789,308402949.8984789,19.25877022632973,44,2019;2020;2021;2022;2023;2024;2025
ND,sawlog,Medium diameter,150579799.9620737,42641533.03857829,28.318229303876315,18,2019;2020;2021;2022;2023;2024;2025
ND,sawlog,Small diameter,10717200.498880155,6423388.033080496,59.93531644529444,4,2019;2020;2021;2022;2023;2024;2025
NE,volume,Large diameter,2213178783.787829,163591875.46377409,7.3917153310040575,189,2019;2020;2021;2022;2023;2024;2025
NE,volume,Medium diameter,268214555.56232703,36701288.41495263,13.683555815233923,67,2019;2020;2021;2022;2023;2024;2025
NE,volume,Small diameter,43059487.73428085,9350846.851242164,21.71611262295092,28,2019;2020;2021;2022;2023;2024;2025
NE,volume,Nonstocked,8736855.13342999,4000338.7674934906,45.78694171300747,9,2019;2020;2021;2022;2023;2024;2025
NE,mortality,Large diameter,22452304.52090092,4303474.547049184,19.167184121536685,82,2019;2020;2021;2022;2023;2024;2025
NE,mortality,Medium diameter,1865597.641902502,561312.1139456272,30.087522697188422,20,2019;2020;2021;2022;2023;2024;2025
NE,mortality,Small diameter,1655018.3632870568,514821.2926436813,31.10668159724748,11,2019;2020;2021;2022;2023;2024;2025
NE,mortality,Nonstocked,3584580.480538517,3160524.3653872595,88.16999318459851,6,2019;2020;2021;2022;2023;2024;2025
NE,biomass,Large diameter,43170937.49509012,2895461.4267073683,6.706969073897626,189,2019;2020;2021;2022;2023;2024;2025
NE,biomass,Medium diameter,6470331.479518283,893395.2602170573,13.807565548149794,67,2019;2020;2021;2022;2023;2024;2025
NE,biomass,Small diameter,1194139.1571278286,290145.92251221667,24.297496718061105,33,2019;2020;2021;2022;2023;2024;2025
NE,biomass,Nonstocked,170917.22718568103,66961.3514848742,39.17764908046908,10,2019;2020;2021;2022;2023;2024;2025
NE,growth,Large diameter,51700651.60217839,6145897.359818108,11.887465959054088,175,2019;2020;2021;2022;2023;2024;2025
NE,growth,Medium diameter,12734822.66018224,1973932.5873630424,15.500275426173816,63,2019;2020;2021;2022;2023;2024;2025
NE,growth,Small diameter,1677614.173517631,652267.279762952,38.88064908245704,28,2019;2020;2021;2022;2023;2024;2025
NE,growth,Nonstocked,-2742537.448502231,2673887.2159170485,-97.49683518003832,16,2019;2020;2021;2022;2023;2024;2025
NE,removals,Large diameter,6356794.571447265,3173981.155397777,49.930528975315774,14,2019;2020;2021;2022;2023;2024;2025
NE,removals,Medium diameter,54910.11055571317,45803.463300330455,83.41535436148342,1,2019;2020;2021;2022;2023;2024;2025
NE,removals,Small diameter,0.0,0.0,,0,2019;2020;2021;2022;2023;2024;2025
NE,removals,Nonstocked,872369.9870762957,727172.853685511,83.35601458764009,3,2019;2020;2021;2022;2023;2024;2025
NE,sawlog,Large diameter,4321241153.151327,503981912.677138,11.662897181972868,120,2019;2020;2021;2022;2023;2024;2025
NE,sawlog,Medium diameter,43094125.12043202,15267950.919303754,35.42930939341621,10,2019;2020;2021;2022;2023;2024;2025
NE,sawlog,Small diameter,27183270.76770483,12605999.16566482,46.37410734487999,5,2019;2020;2021;2022;2023;2024;2025
NE,sawlog,Nonstocked,8256135.922241112,6085547.3214945365,73.70938873596725,2,2019;2020;2021;2022;2023;2024;2025
NH,volume,Large diameter,13890759388.501234,383149819.6167365,2.758307223533854,707,2019;2020;2021;2022;2023;2024;2025
NH,volume,Medium diameter,2868176225.7685018,183152771.5250159,6.38568752782761,302,2019;2020;2021;2022;2023;2024;2025
NH,volume,Small diameter,223634563.2787768,32311750.39538013,14.448459988316378,83,2019;2020;2021;2022;2023;2024;2025
NH,volume,Nonstocked,768242.0745468411,455573.60965349525,59.300788741910814,4,2019;2020;2021;2022;2023;2024;2025
NH,mortality,Large diameter,102567540.856401,6032396.767947637,5.881389684864584,546,2019;2020;2021;2022;2023;2024;2025
NH,mortality,Medium diameter,33449205.255982418,3458872.1658018967,10.340670695556437,239,2019;2020;2021;2022;2023;2024;2025
NH,mortality,Small diameter,3532034.641404188,900069.643256975,25.48303554857393,33,2019;2020;2021;2022;2023;2024;2025
NH,mortality,Nonstocked,207704.9316121717,217832.09708994112,104.87574628063186,2,2019;2020;2021;2022;2023;2024;2025
NH,biomass,Large diameter,279386938.746987,7399961.040531923,2.648642443243681,707,2019;2020;2021;2022;2023;2024;2025
NH,biomass,Medium diameter,62206781.3522785,3899606.175641243,6.268779851440439,302,2019;2020;2021;2022;2023;2024;2025
NH,biomass,Small diameter,8886409.93735028,1192064.9384438822,13.414471612811148,86,2019;2020;2021;2022;2023;2024;2025
NH,biomass,Nonstocked,39333.04206579519,24603.129282843296,62.550791880495495,5,2019;2020;2021;2022;2023;2024;2025
NH,growth,Large diameter,221045471.72378337,9459694.941182174,4.279524419755104,679,2019;2020;2021;2022;2023;2024;2025
NH,growth,Medium diameter,71573911.12713508,6098298.490304922,8.520281195019027,284,2019;2020;2021;2022;2023;2024;2025
NH,growth,Small diameter,13181653.800203647,2102354.8861738206,15.949098026996738,80,2019;2020;2021;2022;2023;2024;2025
NH,growth,Nonstocked,364306.3924136009,496349.2296252411,136.24499595981027,6,2019;2020;2021;2022;2023;2024;2025
NH,removals,Large diameter,65804442.43275617,11903543.379972111,18.08927017676053,64,2019;2020;2021;2022;2023;2024;2025
NH,removals,Medium diameter,16594683.816899614,4939408.430519768,29.76500477514129,22,2019;2020;2021;2022;2023;2024;2025
NH,removals,Small diameter,21812000.776524413,7109247.367270102,32.593284037113946,16,2019;2020;2021;2022;2023;2024;2025
NH,removals,Nonstocked,7548804.938992924,5534158.253674349,73.31171355465774,3,2019;2020;2021;2022;2023;2024;2025
NH,sawlog,Large diameter,33227815724.673187,1080546283.5874145,3.251932936371316,703,2019;2020;2021;2022;2023;2024;2025
NH,sawlog,Medium diameter,3262301819.0477023,248763995.1359077,7.625413249118819,281,2019;2020;2021;2022;2023;2024;2025
NH,sawlog,Small diameter,265929748.0910073,84567041.05843225,31.80051937231612,39,2019;2020;2021;2022;2023;2024;2025
NJ,volume,Large diameter,5594422897.2102585,176799794.39408028,3.160286550418705,521,2021;2022;2023;2024;2025
NJ,volume,Medium diameter,673879506.9333847,66344069.81157431,9.845093837841349,137,2021;2022;2023;2024;2025
NJ,volume,Small diameter,35974075.974098064,7832669.494842593,21.773094326264964,41,2021;2022;2023;2024;2025
NJ,volume,Nonstocked,9619015.014863228,3296315.1075864043,34.26873856099573,15,2021;2022;2023;2024;2025
NJ,mortality,Large diameter,84049829.4718141,6793687.342145358,8.082928168728296,321,2021;2022;2023;2024;2025
NJ,mortality,Medium diameter,9819046.564117303,1852894.6107761045,18.870412709389903,72,2021;2022;2023;2024;2025
NJ,mortality,Small diameter,6623941.920497667,2710809.540586946,40.92441590102708,14,2021;2022;2023;2024;2025
NJ,mortality,Nonstocked,4742163.307226239,2440835.182568263,51.47092211794669,6,2021;2022;2023;2024;2025
NJ,biomass,Large diameter,122933056.81535538,3839387.592217302,3.123153114124573,523,2021;2022;2023;2024;2025
NJ,biomass,Medium diameter,14818477.318109212,1404867.6411235577,9.480512814948344,139,2021;2022;2023;2024;2025
NJ,biomass,Small diameter,1096938.7311796865,210738.43068916744,19.21150422526625,43,2021;2022;2023;2024;2025
NJ,biomass,Nonstocked,192675.51585564308,65138.98641419558,33.807609713628175,15,2021;2022;2023;2024;2025
NJ,growth,Large diameter,44293848.05487911,7372074.258036529,16.64356243987357,489,2021;2022;2023;2024;2025
NJ,growth,Medium diameter,15996923.96916904,2938065.594214485,18.366440947503623,131,2021;2022;2023;2024;2025
NJ,growth,Small diameter,-4651005.154792219,2644130.0697678896,-56.85072326878585,42,2021;2022;2023;2024;2025
NJ,growth,Nonstocked,-4254633.834784261,2244412.7008261355,-52.7521941483348,11,2021;2022;2023;2024;2025
NJ,removals,Large diameter,1585631.8605863568,673837.5345706154,42.49646789522976,10,2021;2022;2023;2024;2025
NJ,removals,Medium diameter,312640.8670265862,316447.2343387219,101.2174887270294,1,2021;2022;2023;2024;2025
NJ,removals,Small diameter,683574.2408352932,675948.2078573954,98.88438848008973,2,2021;2022;2023;2024;2025
NJ,removals,Nonstocked,524922.6484573835,531313.5225279763,101.2174887270294,1,2021;2022;2023;2024;2025
NJ,sawlog,Large diameter,14805144073.924831,590390367.7044957,3.987738077769234,506,2021;2022;2023;2024;2025
NJ,sawlog,Medium diameter,724004061.1075315,92107699.44964837,12.721986574046056,105,2021;2022;2023;2024;2025
NJ,sawlog,Small diameter,52664030.15993521,18247991.08102964,34.6498189098183,16,2021;2022;2023;2024;2025
NJ,sawlog,Nonstocked,12150451.3897034,6467769.371013378,53.230692124692006,4,2021;2022;2023;2024;2025
NM,volume,Large diameter,18130044320.671547,362110410.8988882,1.997294681105752,2564,2015;2016;2017;2018;2019;2020;2021;2022
NM,volume,Medium diameter,1652532583.2065928,126905390.97603364,7.679448639359654,375,2015;2016;2017;2018;2019;2020;2021;2022
NM,volume,Small diameter,382404808.6061392,42430348.85562932,11.095662999188583,341,2015;2016;2017;2018;2019;2020;2021;2022
NM,volume,Nonstocked,38850157.78457602,8411232.025834678,21.650444954367824,152,2015;2016;2017;2018;2019;2020;2021;2022
NM,mortality,Large diameter,237860599.6916577,17386203.920539256,7.309408932407156,932,2015;2016;2017;2018;2019;2020;2021;2022
NM,mortality,Medium diameter,33056679.325976,5793079.484763192,17.524686698373177,148,2015;2016;2017;2018;2019;2020;2021;2022
NM,mortality,Small diameter,124777941.32329494,27870180.85642672,22.335823592582067,72,2015;2016;2017;2018;2019;2020;2021;2022
NM,mortality,Nonstocked,15177571.537213309,5063834.945337992,33.36393396613001,26,2015;2016;2017;2018;2019;2020;2021;2022
NM,biomass,Large diameter,316567242.86261183,5904147.29842242,1.86505313848432,2564,2015;2016;2017;2018;2019;2020;2021;2022
NM,biomass,Medium diameter,33559303.50406654,2356429.396731786,7.021687432953566,375,2015;2016;2017;2018;2019;2020;2021;2022
NM,biomass,Small diameter,9347736.265301606,860490.5791462797,9.205336508480494,400,2015;2016;2017;2018;2019;2020;2021;2022
NM,biomass,Nonstocked,800741.626070304,136027.6885731339,16.987712908182303,152,2015;2016;2017;2018;2019;2020;2021;2022
NM,growth,Large diameter,-40340436.3363992,17000060.076576754,-42.141487848106365,1977,2015;2016;2017;2018;2019;2020;2021;2022
NM,growth,Medium diameter,-6926425.874514296,5287126.153775347,-76.33267502694669,280,2015;2016;2017;2018;2019;2020;2021;2022
NM,growth,Small diameter,-111944577.88413703,26706453.06102924,-23.85685270855235,284,2015;2016;2017;2018;2019;2020;2021;2022
NM,growth,Nonstocked,-12715945.506783076,4583867.783312786,-36.0481867499952,134,2015;2016;2017;2018;2019;2020;2021;2022
NM,removals,Large diameter,25403008.37209424,5607035.528465934,22.07232878222953,70,2015;2016;2017;2018;2019;2020;2021;2022
NM,removals,Medium diameter,1149818.3145589798,540296.0771910051,46.98969135817245,7,2015;2016;2017;2018;2019;2020;2021;2022
NM,removals,Small diameter,1308774.8505154687,727761.7924051936,55.606339938344654,7,2015;2016;2017;2018;2019;2020;2021;2022
NM,removals,Nonstocked,177227.23355011485,90115.76654951576,50.847584055998695,6,2015;2016;2017;2018;2019;2020;2021;2022
NM,sawlog,Large diameter,37388121401.4803,1311924445.7609994,3.508933844718544,932,2015;2016;2017;2018;2019;2020;2021;2022
NM,sawlog,Medium diameter,1655303932.8667762,206111995.12635985,12.451610307564486,140,2015;2016;2017;2018;2019;2020;2021;2022
NM,sawlog,Small diameter,985751819.8631736,150147368.16014463,15.231761700524752,91,2015;2016;2017;2018;2019;2020;2021;2022
NM,sawlog,Nonstocked,75705511.1826615,28488580.68558578,37.630788354164615,14,2015;2016;2017;2018;2019;2020;2021;2022
NV,volume,Large diameter,6125671796.818279,149594252.77134988,2.4420872964341687,1580,2014;2015;2016;2017;2018;2019;2020;2021;2022;2023
NV,volume,Medium diameter,325968552.19549274,49287238.70694929,15.120243463667109,132,2014;2015;2016;2017;2018;2019;2020;2021;2022;2023
NV,volume,Small diameter,47033191.00980209,8533059.771893265,18.14263414556522,75,2014;2015;2016;2017;2018;2019;2020;2021;2022;2023
NV,volume,Nonstocked,13352216.250838758,4424303.918550424,33.13535247957431,32,2014;2015;2016;2017;2018;2019;2020;2021;2022;2023
NV,mortality,Large diameter,38068925.21681866,4864467.753579348,12.77805382178284,485,2014;2015;2016;2017;2018;2019;2020;2021;2022;2023
NV,mortality,Medium diameter,5300333.950081797,1668793.5652117603,31.48468720892589,48,2014;2015;2016;2017;2018;2019;2020;2021;2022;2023
NV,mortality,Small diameter,6090653.305954979,2041034.5974494207,33.510930517976654,26,2014;2015;2016;2017;2018;2019;2020;2021;2022;2023
NV,mortality,Nonstocked,18351280.490017533,3951148.421188921,21.53064154481324,54,2014;2015;2016;2017;2018;2019;2020;2021;2022;2023
NV,biomass,Large diameter,116046742.38988988,2725815.479491302,2.348894439736361,1580,2014;2015;2016;2017;2018;2019;2020;2021;2022;2023
NV,biomass,Medium diameter,6791483.8928499045,900652.9608745712,13.261504776927785,132,2014;2015;2016;2017;2018;2019;2020;2021;2022;2023
NV,biomass,Small diameter,1500802.449219422,246118.08121268905,16.3990991179883,90,2014;2015;2016;2017;2018;2019;2020;2021;2022;2023
NV,biomass,Nonstocked,235674.06310259507,73715.88061657408,31.27874134562005,32,2014;2015;2016;2017;2018;2019;2020;2021;2022;2023
NV,growth,Large diameter,35665043.85289956,4939953.556209624,13.850967284897948,1556,2014;2015;2016;2017;2018;2019;2020;2021;2022;2023
NV,growth,Medium diameter,1379511.673101266,1711800.1617887137,124.08739956077596,130,2014;2015;2016;2017;2018;2019;2020;2021;2022;2023
NV,growth,Small diameter,-4268584.035795417,1827812.8164972656,-42.8201202358821,82,2014;2015;2016;2017;2018;2019;2020;2021;2022;2023
NV,growth,Nonstocked,-16909293.212101977,3759494.418515912,-22.233303139040977,78,2014;2015;2016;2017;2018;2019;2020;2021;2022;2023
NV,removals,Large diameter,445831.4941845943,276287.38498554507,61.97125788317452,11,2014;2015;2016;2017;2018;2019;2020;2021;2022;2023
NV,removals,Medium diameter,10877.392626928937,7791.384861911133,71.62915901943414,2,2014;2015;2016;2017;2018;2019;2020;2021;2022;2023
NV,removals,Small diameter,871196.4411968342,813685.5133472278,93.3986268618592,3,2014;2015;2016;2017;2018;2019;2020;2021;2022;2023
NV,removals,Nonstocked,275587.6548608906,249315.3887325393,90.46682038728736,2,2014;2015;2016;2017;2018;2019;2020;2021;2022;2023
NV,sawlog,Large diameter,3273250668.2687163,480794200.67357785,14.688584816752789,94,2014;2015;2016;2017;2018;2019;2020;2021;2022;2023
NV,sawlog,Medium diameter,232869732.4067636,95980067.64516217,41.21620558120007,16,2014;2015;2016;2017;2018;2019;2020;2021;2022;2023
NV,sawlog,Small diameter,32905352.23132889,15854008.17482634,48.18063658267692,10,2014;2015;2016;2017;2018;2019;2020;2021;2022;2023
NV,sawlog,Nonstocked,18839956.389726847,10489096.83343479,55.67474051667307,7,2014;2015;2016;2017;2018;2019;2020;2021;2022;2023
NY,volume,Large diameter,54194965606.08169,823581378.6860379,1.519663993648917,2078,2018;2019;2020;2021;2022;2023;2024
NY,volume,Medium diameter,9016533320.969292,356386518.46247685,3.952589157893388,711,2018;2019;2020;2021;2022;2023;2024
NY,volume,Small diameter,543006897.4146005,51309917.24900905,9.449220165215054,214,2018;2019;2020;2021;2022;2023;2024
NY,volume,Nonstocked,19505232.72947505,5918699.43431889,30.34416208413106,28,2018;2019;2020;2021;2022;2023;2024
NY,mortality,Large diameter,494163370.4600642,17484973.781576306,3.5382982282353024,1488,2018;2019;2020;2021;2022;2023;2024
NY,mortality,Medium diameter,114728744.2487582,7415305.896952997,6.463337453493708,513,2018;2019;2020;2021;2022;2023;2024
NY,mortality,Small diameter,25667825.771222007,4598633.893288766,17.915946345734575,94,2018;2019;2020;2021;2022;2023;2024
NY,mortality,Nonstocked,4181719.90380717,2122169.0674669626,50.74871383745412,9,2018;2019;2020;2021;2022;2023;2024
NY,biomass,Large diameter,1130848070.3257422,16543343.890545044,1.4629148092174498,2079,2018;2019;2020;2021;2022;2023;2024
NY,biomass,Medium diameter,201942757.932122,7841371.076205953,3.882967211352849,712,2018;2019;2020;2021;2022;2023;2024
NY,biomass,Small diameter,18064188.12138766,1603904.3412605664,8.878917394364231,244,2018;2019;2020;2021;2022;2023;2024
NY,biomass,Nonstocked,396345.04265507386,116571.88638174592,29.41171803256149,28,2018;2019;2020;2021;2022;2023;2024
NY,growth,Large diameter,897737736.8573991,25315786.34995961,2.819953457518617,1983,2018;2019;2020;2021;2022;2023;2024
NY,growth,Medium diameter,250728545.8371109,12882731.685000842,5.138119252432579,671,2018;2019;2020;2021;2022;2023;2024
NY,growth,Small diameter,12843357.6484875,4476546.535767047,34.854955053706135,214,2018;2019;2020;2021;2022;2023;2024
NY,growth,Nonstocked,-3239749.9953971948,1989801.483060468,-61.41836517902418,24,2018;2019;2020;2021;2022;2023;2024
NY,removals,Large diameter,209245372.24943075,20172835.518476263,9.64075587508299,216,2018;2019;2020;2021;2022;2023;2024
NY,removals,Medium diameter,73503730.05989411,12745527.87410961,17.339974262155113,83,2018;2019;2020;2021;2022;2023;2024
NY,removals,Small diameter,41754005.061901405,13854484.750503052,33.18121155075643,21,2018;2019;2020;2021;2022;2023;2024
NY,removals,Nonstocked,1643067.9892792185,1575393.2315740918,95.88119553501777,1,2018;2019;2020;2021;2022;2023;2024
NY,sawlog,Large diameter,135311036003.38168,2386085620.629006,1.7634079902908832,2030,2018;2019;2020;2021;2022;2023;2024
NY,sawlog,Medium diameter,9351515678.308256,460394831.066801,4.923210813138359,561,2018;2019;2020;2021;2022;2023;2024
NY,sawlog,Small diameter,593852902.7132274,113285789.92885984,19.07640585930852,67,2018;2019;2020;2021;2022;2023;2024
NY,sawlog,Nonstocked,15926604.12864674,9151714.626602974,57.46180763130817,4,2018;2019;2020;2021;2022;2023;2024
OH,volume,Large diameter,23435025627.277905,547059034.5058744,2.3343649936917865,1087,2019;2020;2021;2022;2023;2024;2025
OH,volume,Medium diameter,2494850159.256433,188204578.9272496,7.543722745390938,274,2019;2020;2021;2022;2023;2024;2025
OH,volume,Small diameter,229023179.348884,32157968.39869033,14.0413596956063,102,2019;2020;2021;2022;2023;2024;2025
OH,volume,Nonstocked,17238303.03941082,9505122.717525342,55.13954996494953,10,2019;2020;2021;2022;2023;2024;2025
OH,mortality,Large diameter,261188941.1362688,13178729.006083596,5.045668836035414,722,2019;2020;2021;2022;2023;2024;2025
OH,mortality,Medium diameter,40967340.11980565,5221005.215120473,12.744310955634583,150,2019;2020;2021;2022;2023;2024;2025
OH,mortality,Small diameter,13402931.85528173,4129942.139217058,30.8137218319853,39,2019;2020;2021;2022;2023;2024;2025
OH,mortality,Nonstocked,218466.80286974303,142268.76139633273,65.1214553092343,4,2019;2020;2021;2022;2023;2024;2025
OH,biomass,Large diameter,523323806.7928292,12104705.61688197,2.3130431789574444,1091,2019;2020;2021;2022;2023;2024;2025
OH,biomass,Medium diameter,54700879.8103338,3977828.013952544,7.2719634999382095,274,2019;2020;2021;2022;2023;2024;2025
OH,biomass,Small diameter,7993981.999592415,1045072.5166230814,13.07324080384927,112,2019;2020;2021;2022;2023;2024;2025
OH,biomass,Nonstocked,273937.8859327827,134667.70709983734,49.1599424596864,11,2019;2020;2021;2022;2023;2024;2025
OH,growth,Large diameter,362340201.1428954,18864055.247742977,5.206172317684285,1010,2019;2020;2021;2022;2023;2024;2025
OH,growth,Medium diameter,93635093.62684514,10623058.500606516,11.34516780956247,250,2019;2020;2021;2022;2023;2024;2025
OH,growth,Small diameter,2972030.1216723467,4013602.65526089,135.04582695825627,100,2019;2020;2021;2022;2023;2024;2025
OH,growth,Nonstocked,1356960.4303062565,858485.3078493316,63.26531626685515,14,2019;2020;2021;2022;2023;2024;2025
OH,removals,Large diameter,80664242.92535889,12351479.4842035,15.3122115032217,92,2019;2020;2021;2022;2023;2024;2025
OH,removals,Medium diameter,22808922.89357933,7115154.169501147,31.194608367517645,22,2019;2020;2021;2022;2023;2024;2025
OH,removals,Small diameter,16346221.327865526,6665254.40771068,40.77550569040913,12,2019;2020;2021;2022;2023;2024;2025
OH,removals,Nonstocked,3307255.987883128,3265794.220891681,98.74633934768428,3,2019;2020;2021;2022;2023;2024;2025
OH,sawlog,Large diameter,63359201531.36807,1805708726.0736413,2.8499549906412023,1038,2019;2020;2021;2022;2023;2024;2025
OH,sawlog,Medium diameter,2317516005.408832,233588814.7593578,10.079275146932613,176,2019;2020;2021;2022;2023;2024;2025
OH,sawlog,Small diameter,262248925.49428773,72708604.42843513,27.725034255676626,29,2019;2020;2021;2022;2023;2024;2025
OH,sawlog,Nonstocked,56664119.99444849,42422143.380443394,74.86597053761636,2,2019;2020;2021;2022;2023;2024;2025
OK,volume,Large diameter,11103787836.405664,319538564.4816993,2.8777437860802566,998,2019;2020;2021;2022;2023;2024
OK,volume,Medium diameter,4896051077.057879,166373703.74703693,3.3981202632186127,885,2019;2020;2021;2022;2023;2024
OK,volume,Small diameter,436922799.6857354,31246149.95583588,7.151412098043461,362,2019;2020;2021;2022;2023;2024
OK,volume,Nonstocked,8691758.285829902,2072171.1573591027,23.84064408161632,34,2019;2020;2021;2022;2023;2024
OK,mortality,Large diameter,119940314.79992346,9890775.482125873,8.246414475920806,478,2019;2020;2021;2022;2023;2024
OK,mortality,Medium diameter,70514479.06658645,5901835.688490111,8.36967920151128,379,2019;2020;2021;2022;2023;2024
OK,mortality,Small diameter,21485696.728054456,4226804.0373362005,19.672641249828068,93,2019;2020;2021;2022;2023;2024
OK,mortality,Nonstocked,1657988.105786852,835273.1441631233,50.37871750996171,7,2019;2020;2021;2022;2023;2024
OK,biomass,Large diameter,258777149.3549198,7197323.880956386,2.781282620547405,998,2019;2020;2021;2022;2023;2024
OK,biomass,Medium diameter,130505785.01548906,4342874.565878248,3.3277257137396736,888,2019;2020;2021;2022;2023;2024
OK,biomass,Small diameter,19270459.647786777,1271782.5032441418,6.599647992258487,428,2019;2020;2021;2022;2023;2024
OK,biomass,Nonstocked,245893.5284329431,55505.0891582289,22.57281414112756,35,2019;2020;2021;2022;2023;2024
OK,growth,Large diameter,308869748.2054452,16135766.732442262,5.224133093704448,777,2019;2020;2021;2022;2023;2024
OK,growth,Medium diameter,180982290.92862767,10527711.556283703,5.816984359224087,653,2019;2020;2021;2022;2023;2024
OK,growth,Small diameter,23951642.225964334,4470567.471985229,18.66497265535719,281,2019;2020;2021;2022;2023;2024
OK,growth,Nonstocked,-581920.6977822576,689330.6001292196,-118.45782470984602,25,2019;2020;2021;2022;2023;2024
OK,removals,Large diameter,46419743.40794764,8881842.37013046,19.133760159065805,64,2019;2020;2021;2022;2023;2024
OK,removals,Medium diameter,11913052.653298398,3469739.167849233,29.125525327788736,40,2019;2020;2021;2022;2023;2024
OK,removals,Small diameter,67295993.08500268,14641496.208925888,21.75686179477577,42,2019;2020;2021;2022;2023;2024
OK,removals,Nonstocked,498903.59510776965,300925.26411144424,60.317317225673726,5,2019;2020;2021;2022;2023;2024
OK,sawlog,Large diameter,22682430031.598087,944907786.749534,4.165813739679639,748,2019;2020;2021;2022;2023;2024
OK,sawlog,Medium diameter,2525908326.559834,168168672.7825552,6.657750442257454,368,2019;2020;2021;2022;2023;2024
OK,sawlog,Small diameter,128593595.85991852,38210261.179505445,29.713968976440487,27,2019;2020;2021;2022;2023;2024
OR,volume,Large diameter,132547236727.1126,1384514561.1883636,1.0445442661613484,8394,2015;2016;2017;2018;2019;2020;2021;2022;2023;2024
OR,volume,Medium diameter,4915175976.682859,229167740.7611772,4.662452409605022,1062,2015;2016;2017;2018;2019;2020;2021;2022;2023;2024
OR,volume,Small diameter,1758543454.3923783,81958570.73564933,4.660594000730457,1036,2015;2016;2017;2018;2019;2020;2021;2022;2023;2024
OR,volume,Nonstocked,198216197.92957303,30106649.12729312,15.188793570740428,216,2015;2016;2017;2018;2019;2020;2021;2022;2023;2024
OR,mortality,Large diameter,930723175.188297,27302424.513936948,2.933463487509411,4620,2015;2016;2017;2018;2019;2020;2021;2022;2023;2024
OR,mortality,Medium diameter,40179016.72637757,4354830.032074791,10.83856795633289,376,2015;2016;2017;2018;2019;2020;2021;2022;2023;2024
OR,mortality,Small diameter,232145449.8014848,26391943.983977064,11.368710438453862,423,2015;2016;2017;2018;2019;2020;2021;2022;2023;2024
OR,mortality,Nonstocked,192567797.00533232,22839988.08023681,11.86075160822677,234,2015;2016;2017;2018;2019;2020;2021;2022;2023;2024
OR,biomass,Large diameter,2062639916.9593208,21083038.05959205,1.0221385655462347,8396,2015;2016;2017;2018;2019;2020;2021;2022;2023;2024
OR,biomass,Medium diameter,91527025.82940587,4212462.593610708,4.602424863517552,1066,2015;2016;2017;2018;2019;2020;2021;2022;2023;2024
OR,biomass,Small diameter,40249421.941396445,1677413.528769028,4.167546881074116,1202,2015;2016;2017;2018;2019;2020;2021;2022;2023;2024
OR,biomass,Nonstocked,3269640.217408208,490323.2525263968,14.996244844182527,224,2015;2016;2017;2018;2019;2020;2021;2022;2023;2024
OR,growth,Large diameter,1736489191.3936574,40398787.61112814,2.3264635225690755,7197,2015;2016;2017;2018;2019;2020;2021;2022;2023;2024
OR,growth,Medium diameter,227135535.79765216,14470675.67777033,6.370943070159569,919,2015;2016;2017;2018;2019;2020;2021;2022;2023;2024
OR,growth,Small diameter,-49930492.76072288,25762152.928863537,-51.59603181230563,1179,2015;2016;2017;2018;2019;2020;2021;2022;2023;2024
OR,growth,Nonstocked,-142382321.02943057,21113626.52826801,-14.82882592137531,400,2015;2016;2017;2018;2019;2020;2021;2022;2023;2024
OR,removals,Large diameter,267372695.42888665,18744731.138253137,7.0107125591807815,621,2015;2016;2017;2018;2019;2020;2021;2022;2023;2024
OR,removals,Medium diameter,19058755.582637947,6068334.931259995,31.840142473877453,47,2015;2016;2017;2018;2019;2020;2021;2022;2023;2024
OR,removals,Small diameter,869806013.0472171,67010614.085461095,7.70408724247615,267,2015;2016;2017;2018;2019;2020;2021;2022;2023;2024
OR,removals,Nonstocked,213433577.39286783,32819847.75961732,15.37707804016503,90,2015;2016;2017;2018;2019;2020;2021;2022;2023;2024
OR,sawlog,Large diameter,601736987717.7261,7404391641.441068,1.2305029925988955,8369,2015;2016;2017;2018;2019;2020;2021;2022;2023;2024
OR,sawlog,Medium diameter,7617652736.809296,481292974.5476061,6.318127002848898,882,2015;2016;2017;2018;2019;2020;2021;2022;2023;2024
OR,sawlog,Small diameter,5379647943.646166,347077893.0266587,6.451684137371629,746,2015;2016;2017;2018;2019;2020;2021;2022;2023;2024
OR,sawlog,Nonstocked,805426727.9790847,164555261.23036382,20.430817045673827,159,2015;2016;2017;2018;2019;2020;2021;2022;2023;2024
PA,volume,Large diameter,49596779947.06554,711226390.3719821,1.434017271143553,2247,2019;2020;2021;2022;2023;2024;2025
PA,volume,Medium diameter,5880812584.58987,286429884.9644684,4.870583458398787,542,2019;2020;2021;2022;2023;2024;2025
PA,volume,Small diameter,621282085.8555745,57275506.05789991,9.2189212214328,228,2019;2020;2021;2022;2023;2024;2025
PA,volume,Nonstocked,15015150.79428816,4239374.915206577,28.23398161821496,17,2019;2020;2021;2022;2023;2024;2025
PA,mortality,Large diameter,622183149.1896498,21078047.577813696,3.3877560980663626,1541,2019;2020;2021;2022;2023;2024;2025
PA,mortality,Medium diameter,83685303.49216302,7437853.589394037,8.887885063463477,344,2019;2020;2021;2022;2023;2024;2025
PA,mortality,Small diameter,21451068.02648488,4158063.985888736,19.38394853232912,62,2019;2020;2021;2022;2023;2024;2025
PA,mortality,Nonstocked,2445527.5713661527,1652054.6194651737,67.554119561297,5,2019;2020;2021;2022;2023;2024;2025
PA,biomass,Large diameter,1108105196.5995674,15553826.096459264,1.4036416528132123,2247,2019;2020;2021;2022;2023;2024;2025
PA,biomass,Medium diameter,138623729.18434626,6634975.411696066,4.786320098828581,544,2019;2020;2021;2022;2023;2024;2025
PA,biomass,Small diameter,22661003.21963007,1986053.570272895,8.764190848146027,251,2019;2020;2021;2022;2023;2024;2025
PA,biomass,Nonstocked,309919.3642242616,90641.062225296,29.246659837526952,17,2019;2020;2021;2022;2023;2024;2025
PA,growth,Large diameter,544419040.3469298,24994608.123562496,4.59106061162643,2069,2019;2020;2021;2022;2023;2024;2025
PA,growth,Medium diameter,160966543.35012344,11665597.86847938,7.247218972147004,490,2019;2020;2021;2022;2023;2024;2025
PA,growth,Small diameter,18291871.2283521,4606077.498232681,25.181007676750628,210,2019;2020;2021;2022;2023;2024;2025
PA,growth,Nonstocked,-963951.0654874274,1575588.6644281836,-163.4511046088712,19,2019;2020;2021;2022;2023;2024;2025
PA,removals,Large diameter,286347087.2791189,24851747.666466925,8.67888963097519,239,2019;2020;2021;2022;2023;2024;2025
PA,removals,Medium diameter,27261064.549410857,7041786.225774635,25.83092899036041,31,2019;2020;2021;2022;2023;2024;2025
PA,removals,Small diameter,75825468.19062242,16882846.325315908,22.265403337666253,53,2019;2020;2021;2022;2023;2024;2025
PA,removals,Nonstocked,5769788.1561323535,3977699.460246559,68.9401300811869,6,2019;2020;2021;2022;2023;2024;2025
PA,sawlog,Large diameter,134484280256.83368,2335265924.713732,1.7364601425935562,2206,2019;2020;2021;2022;2023;2024;2025
PA,sawlog,Medium diameter,6078831147.670673,382040625.5063836,6.284771138161593,413,2019;2020;2021;2022;2023;2024;2025
PA,sawlog,Small diameter,1006666397.6528882,145471920.37387314,14.45085687900688,97,2019;2020;2021;2022;2023;2024;2025
PA,sawlog,Nonstocked,8743751.999549244,5294506.504354048,60.55188327192936,4,2019;2020;2021;2022;2023;2024;2025
RI,volume,Large diameter,1198716585.511855,79843467.53555894,6.66074604294105,105,2019;2020;2021;2022;2023;2024;2025
RI,volume,Medium diameter,127619070.42561238,30780104.81471942,24.11873453714018,23,2019;2020;2021;2022;2023;2024;2025
RI,volume,Small diameter,5374987.408817207,3627057.7481577294,67.4803022274592,5,2019;2020;2021;2022;2023;2024;2025
RI,volume,Nonstocked,28438.34768238893,33429.16129732325,117.5495906818278,1,2019;2020;2021;2022;2023;2024;2025
RI,mortality,Large diameter,22800638.62268263,2628156.940974447,11.526681267426836,71,2019;2020;2021;2022;2023;2024;2025
RI,mortality,Medium diameter,2216940.2708195173,924736.0263973896,41.71226616112442,13,2019;2020;2021;2022;2023;2024;2025
RI,mortality,Small diameter,1105132.039918615,1013679.2138682102,91.72471498906684,3,2019;2020;2021;2022;2023;2024;2025
RI,mortality,Nonstocked,0.0,0.0,,0,2019;2020;2021;2022;2023;2024;2025
RI,biomass,Large diameter,26107068.81889777,1638981.7240797754,6.277923176474672,105,2019;2020;2021;2022;2023;2024;2025
RI,biomass,Medium diameter,2924520.265117134,715009.2018979079,24.44876892891936,23,2019;2020;2021;2022;2023;2024;2025
RI,biomass,Small diameter,207282.2083330993,133488.70819134824,64.39950117514861,6,2019;2020;2021;2022;2023;2024;2025
RI,biomass,Nonstocked,580.9387495207495,682.8911221737699,117.5495906818278,1,2019;2020;2021;2022;2023;2024;2025
RI,growth,Large diameter,4903155.141627576,2681697.9768248624,54.69331276217149,87,2019;2020;2021;2022;2023;2024;2025
RI,growth,Medium diameter,2802222.4612581925,989222.5524480344,35.30135690953941,20,2019;2020;2021;2022;2023;2024;2025
RI,growth,Small diameter,-800245.8234909797,859979.935641877,-107.46447034116515,5,2019;2020;2021;2022;2023;2024;2025
RI,growth,Nonstocked,749.5992770060504,888.8762973004323,118.58019672199572,1,2019;2020;2021;2022;2023;2024;2025
RI,removals,Large diameter,6045375.990333791,2874985.982338288,47.55677706291925,11,2019;2020;2021;2022;2023;2024;2025
RI,removals,Medium diameter,522910.92005384254,621461.7725853579,118.84658528863154,2,2019;2020;2021;2022;2023;2024;2025
RI,removals,Small diameter,0.0,0.0,,0,2019;2020;2021;2022;2023;2024;2025
RI,removals,Nonstocked,0.0,0.0,,0,2019;2020;2021;2022;2023;2024;2025
RI,sawlog,Large diameter,3105153048.490113,264259088.7311945,8.510340218485881,101,2019;2020;2021;2022;2023;2024;2025
RI,sawlog,Medium diameter,128928531.20983082,37200068.29013959,28.853247563641744,17,2019;2020;2021;2022;2023;2024;2025
RI,sawlog,Small diameter,3718221.546142194,3115276.764821576,83.78405445081137,2,2019;2020;2021;2022;2023;2024;2025
SC,volume,Large diameter,32419105382.809868,656531003.7540654,2.0251360918250043,1760,2017;2018;2019;2020;2021;2022;2023;2024;2025
SC,volume,Medium diameter,5939132960.262882,263928512.5489761,4.443889610063451,685,2017;2018;2019;2020;2021;2022;2023;2024;2025
SC,volume,Small diameter,959803990.5033344,65625986.39162507,6.837436293342551,420,2017;2018;2019;2020;2021;2022;2023;2024;2025
SC,volume,Nonstocked,1668179.5229935749,881684.4368494046,52.85309073133854,5,2017;2018;2019;2020;2021;2022;2023;2024;2025
SC,mortality,Large diameter,306616391.6206333,14645744.4139522,4.77656929446646,1081,2017;2018;2019;2020;2021;2022;2023;2024;2025
SC,mortality,Medium diameter,45085363.00097205,4302013.665556428,9.541929751045092,297,2017;2018;2019;2020;2021;2022;2023;2024;2025
SC,mortality,Small diameter,24038433.36604781,5004995.870886887,20.82080722430109,93,2017;2018;2019;2020;2021;2022;2023;2024;2025
SC,mortality,Nonstocked,245722.95689475755,245798.7856176417,100.03085943773524,1,2017;2018;2019;2020;2021;2022;2023;2024;2025
SC,biomass,Large diameter,617030222.4107342,12264133.834745755,1.987606666466003,1760,2017;2018;2019;2020;2021;2022;2023;2024;2025
SC,biomass,Medium diameter,119973840.25103164,5193325.739054194,4.328715100048268,685,2017;2018;2019;2020;2021;2022;2023;2024;2025
SC,biomass,Small diameter,30669905.83473954,1876824.3860418908,6.119433154294292,531,2017;2018;2019;2020;2021;2022;2023;2024;2025
SC,biomass,Nonstocked,29084.840303302288,15449.556734105252,53.11893265699352,6,2017;2018;2019;2020;2021;2022;2023;2024;2025
SC,growth,Large diameter,1071392033.7881138,32720946.320508912,3.0540591388212657,1747,2017;2018;2019;2020;2021;2022;2023;2024;2025
SC,growth,Medium diameter,503315142.411172,26053435.13425787,5.176366244307051,682,2017;2018;2019;2020;2021;2022;2023;2024;2025
SC,growth,Small diameter,138592620.17293355,9588683.168447344,6.918610209174736,571,2017;2018;2019;2020;2021;2022;2023;2024;2025
SC,growth,Nonstocked,2539748.4815148003,847487.2723346611,33.368944936987944,20,2017;2018;2019;2020;2021;2022;2023;2024;2025
SC,removals,Large diameter,263254281.89308417,22696537.99751839,8.621526622209384,256,2017;2018;2019;2020;2021;2022;2023;2024;2025
SC,removals,Medium diameter,42780903.88087408,8809268.134725079,20.591589554196887,55,2017;2018;2019;2020;2021;2022;2023;2024;2025
SC,removals,Small diameter,666467427.703884,50631729.190742426,7.597029815122255,249,2017;2018;2019;2020;2021;2022;2023;2024;2025
SC,removals,Nonstocked,27960525.113999225,10035246.849268436,35.890766744734734,16,2017;2018;2019;2020;2021;2022;2023;2024;2025
SC,sawlog,Large diameter,101118609789.66264,2379804148.097509,2.353477913756679,1713,2017;2018;2019;2020;2021;2022;2023;2024;2025
SC,sawlog,Medium diameter,5574845782.728483,320421524.1776545,5.747630278318325,510,2017;2018;2019;2020;2021;2022;2023;2024;2025
SC,sawlog,Small diameter,1768363482.109023,208395608.5567812,11.78465913061267,153,2017;2018;2019;2020;2021;2022;2023;2024;2025
SD,volume,Large diameter,2166204300.354901,117221447.9247136,5.411375460085117,261,2019;2020;2021;2022;2023;2024;2025
SD,volume,Medium diameter,295809481.2023801,40474247.79893232,13.682539056698312,79,2019;2020;2021;2022;2023;2024;2025
SD,volume,Small diameter,167876574.26340494,23482388.929207686,13.98788903826623,73,2019;2020;2021;2022;2023;2024;2025
SD,volume,Nonstocked,23989286.556973755,7506648.895640125,31.29167212960704,21,2019;2020;2021;2022;2023;2024;2025
SD,mortality,Large diameter,12474552.683572082,1652587.6482968524,13.247670599629346,95,2019;2020;2021;2022;2023;2024;2025
SD,mortality,Medium diameter,7864737.150566807,4000810.088294206,50.87023268165892,34,2019;2020;2021;2022;2023;2024;2025
SD,mortality,Small diameter,17166519.066242896,4764819.911963332,27.756471149314788,32,2019;2020;2021;2022;2023;2024;2025
SD,mortality,Nonstocked,1962952.6771439936,1253608.3517338382,63.86340161586478,9,2019;2020;2021;2022;2023;2024;2025
SD,biomass,Large diameter,37897536.89409275,2037607.3666887912,5.376622159859687,261,2019;2020;2021;2022;2023;2024;2025
SD,biomass,Medium diameter,6428849.237633443,859513.0182057477,13.36962474052584,79,2019;2020;2021;2022;2023;2024;2025
SD,biomass,Small diameter,3530926.6294021187,466834.742358131,13.221309626509536,77,2019;2020;2021;2022;2023;2024;2025
SD,biomass,Nonstocked,405995.6511211847,119916.82092851984,29.536479170986524,21,2019;2020;2021;2022;2023;2024;2025
SD,growth,Large diameter,35237261.719117135,3024884.8796395925,8.584335819711306,257,2019;2020;2021;2022;2023;2024;2025
SD,growth,Medium diameter,7292137.184729278,3786962.57116794,51.93213560351487,79,2019;2020;2021;2022;2023;2024;2025
SD,growth,Small diameter,-9802198.09426624,4437857.197658412,-45.274102349087606,77,2019;2020;2021;2022;2023;2024;2025
SD,growth,Nonstocked,-910189.1548923908,1200823.002760761,-131.93114819113956,26,2019;2020;2021;2022;2023;2024;2025
SD,removals,Large diameter,9160951.930602634,2979811.39261335,32.52731173775878,20,2019;2020;2021;2022;2023;2024;2025
SD,removals,Medium diameter,5887239.494440913,2984118.36983519,50.687905131988856,7,2019;2020;2021;2022;2023;2024;2025
SD,removals,Small diameter,10292362.62170557,3193029.0560408896,31.023285647817232,18,2019;2020;2021;2022;2023;2024;2025
SD,removals,Nonstocked,938453.5119148396,870048.6051054564,92.71089021023444,2,2019;2020;2021;2022;2023;2024;2025
SD,sawlog,Large diameter,5473978010.170579,375697593.0663614,6.863337637972243,221,2019;2020;2021;2022;2023;2024;2025
SD,sawlog,Medium diameter,169924873.44874376,37768132.66350071,22.226370923202783,39,2019;2020;2021;2022;2023;2024;2025
SD,sawlog,Small diameter,353492290.205164,63450551.27723299,17.94962804999419,52,2019;2020;2021;2022;2023;2024;2025
SD,sawlog,Nonstocked,70511503.59208111,29400123.76913551,41.69549970061527,12,2019;2020;2021;2022;2023;2024;2025
TN,volume,Large diameter,43831963615.15866,651822297.9153533,1.4870935366672229,2279,2015;2016;2017;2018;2019;2020;2021;2022;2023;2024
TN,volume,Medium diameter,4540848272.992932,226371719.40962413,4.985229758853396,551,2015;2016;2017;2018;2019;2020;2021;2022;2023;2024
TN,volume,Small diameter,713489059.3156,67101883.348021895,9.404752949174584,255,2015;2016;2017;2018;2019;2020;2021;2022;2023;2024
TN,volume,Nonstocked,1020523.2046164064,716635.4243627838,70.2223546824839,3,2015;2016;2017;2018;2019;2020;2021;2022;2023;2024
TN,mortality,Large diameter,440529834.3238247,15360968.092731696,3.4869302589481723,1688,2015;2016;2017;2018;2019;2020;2021;2022;2023;2024
TN,mortality,Medium diameter,43036705.72531597,4123816.3460299135,9.58209109300881,300,2015;2016;2017;2018;2019;2020;2021;2022;2023;2024
TN,mortality,Small diameter,23853188.089677665,5278799.01229262,22.130370969476367,103,2015;2016;2017;2018;2019;2020;2021;2022;2023;2024
TN,mortality,Nonstocked,1507744.6680167874,1133982.640896103,75.21052237496471,2,2015;2016;2017;2018;2019;2020;2021;2022;2023;2024
TN,biomass,Large diameter,954408266.2211512,14052643.706503917,1.4723933356260033,2282,2015;2016;2017;2018;2019;2020;2021;2022;2023;2024
TN,biomass,Medium diameter,97907726.74896862,4733658.170765537,4.834815726957324,551,2015;2016;2017;2018;2019;2020;2021;2022;2023;2024
TN,biomass,Small diameter,21671416.976203445,1809545.478680787,8.349917684975464,300,2015;2016;2017;2018;2019;2020;2021;2022;2023;2024
TN,biomass,Nonstocked,19707.594215022087,13835.18483995822,70.20230216335776,3,2015;2016;2017;2018;2019;2020;2021;2022;2023;2024
TN,growth,Large diameter,880974664.6297251,24472175.242666032,2.7778523293801785,2255,2015;2016;2017;2018;2019;2020;2021;2022;2023;2024
TN,growth,Medium diameter,247243000.62580127,15024997.532843975,6.077016334057558,546,2015;2016;2017;2018;2019;2020;2021;2022;2023;2024
TN,growth,Small diameter,38914795.12171088,6035015.524589276,15.508280348679756,293,2015;2016;2017;2018;2019;2020;2021;2022;2023;2024
TN,growth,Nonstocked,-1335953.8270998383,1082346.4288866422,-81.01675424189315,5,2015;2016;2017;2018;2019;2020;2021;2022;2023;2024
TN,removals,Large diameter,164606138.62002492,16444051.85480488,9.989938402457854,201,2015;2016;2017;2018;2019;2020;2021;2022;2023;2024
TN,removals,Medium diameter,39775270.12326796,7991692.247240633,20.092113070441748,62,2015;2016;2017;2018;2019;2020;2021;2022;2023;2024
TN,removals,Small diameter,179334756.76082587,22974108.451618213,12.810739460983678,87,2015;2016;2017;2018;2019;2020;2021;2022;2023;2024
TN,removals,Nonstocked,364844.39185934816,255414.1368690401,70.00632120652284,2,2015;2016;2017;2018;2019;2020;2021;2022;2023;2024
TN,sawlog,Large diameter,121777223817.89738,2440550336.8431005,2.0041106705574423,2190,2015;2016;2017;2018;2019;2020;2021;2022;2023;2024
TN,sawlog,Medium diameter,4100527835.9415326,266121954.4925824,6.489943859422123,401,2015;2016;2017;2018;2019;2020;2021;2022;2023;2024
TN,sawlog,Small diameter,1059502004.270132,183903209.2058673,17.357514045719455,89,2015;2016;2017;2018;2019;2020;2021;2022;2023;2024
TX-East,volume,Large diameter,25166029079.518856,557815406.724436,2.216541214992114,1459,2019;2020;2021;2022;2023;2024;2025
TX-East,volume,Medium diameter,4366450022.980801,223102247.9456665,5.109465281211752,470,2019;2020;2021;2022;2023;2024;2025
TX-East,volume,Small diameter,378475870.27691615,36568381.72443901,9.662011397895284,209,2019;2020;2021;2022;2023;2024;2025
TX-East,volume,Nonstocked,7932217.327616217,3674087.508349589,46.31854318411272,8,2019;2020;2021;2022;2023;2024;2025
TX-East,mortality,Large diameter,259400138.54138488,14133747.101201018,5.448627429682776,855,2019;2020;2021;2022;2023;2024;2025
TX-East,mortality,Medium diameter,36799755.099523365,4083543.843200068,11.096660377647346,207,2019;2020;2021;2022;2023;2024;2025
TX-East,mortality,Small diameter,20041672.987484816,4689668.032338672,23.39958363389709,50,2019;2020;2021;2022;2023;2024;2025
TX-East,mortality,Nonstocked,6201797.037661667,3787208.410283042,61.06630686693636,5,2019;2020;2021;2022;2023;2024;2025
TX-East,biomass,Large diameter,492588900.0531523,10401746.85245952,2.111648648870718,1460,2019;2020;2021;2022;2023;2024;2025
TX-East,biomass,Medium diameter,89144796.78921536,4436175.093409885,4.976370190062028,470,2019;2020;2021;2022;2023;2024;2025
TX-East,biomass,Small diameter,13953360.840058831,1289000.120369098,9.237918628668268,265,2019;2020;2021;2022;2023;2024;2025
TX-East,biomass,Nonstocked,233409.4655322148,101937.41462012212,43.67321367524099,11,2019;2020;2021;2022;2023;2024;2025
TX-East,growth,Large diameter,966416627.680086,31300285.82361317,3.238798353330335,1431,2019;2020;2021;2022;2023;2024;2025
TX-East,growth,Medium diameter,434245645.8751351,25056216.8915986,5.77005598780451,465,2019;2020;2021;2022;2023;2024;2025
TX-East,growth,Small diameter,55998760.30466394,6802996.034464022,12.148476140278811,267,2019;2020;2021;2022;2023;2024;2025
TX-East,growth,Nonstocked,284079.53155604977,3221867.5241635847,1134.1427897025028,26,2019;2020;2021;2022;2023;2024;2025
TX-East,removals,Large diameter,208386657.17779693,21952286.186669387,10.53440104274025,159,2019;2020;2021;2022;2023;2024;2025
TX-East,removals,Medium diameter,56563866.07052763,11188060.383002508,19.779518551742,46,2019;2020;2021;2022;2023;2024;2025
TX-East,removals,Small diameter,302378522.1393642,35918581.15787243,11.878681363922338,97,2019;2020;2021;2022;2023;2024;2025
TX-East,removals,Nonstocked,41362705.879639365,10999632.29960304,26.593115865317618,19,2019;2020;2021;2022;2023;2024;2025
TX-East,sawlog,Large diameter,73345154466.1284,2095347550.3711443,2.8568316007007644,1373,2019;2020;2021;2022;2023;2024;2025
TX-East,sawlog,Medium diameter,3299536757.13612,241616499.56103915,7.3227400494472334,313,2019;2020;2021;2022;2023;2024;2025
TX-East,sawlog,Small diameter,411539978.5458582,83023231.30382788,20.173794924416207,56,2019;2020;2021;2022;2023;2024;2025
TX-West,volume,Large diameter,29132421126.189373,554404201.9130055,1.9030488386514808,3577,2004;2005;2006;2007;2008;2009;2010;2011;2012;2013
TX-West,volume,Medium diameter,9541225539.337923,245033810.02273652,2.5681586606718003,2327,2004;2005;2006;2007;2008;2009;2010;2011;2012;2013
TX-West,volume,Small diameter,1892189766.1424108,63600641.94900495,3.3612190007066243,2767,2004;2005;2006;2007;2008;2009;2010;2011;2012;2013
TX-West,volume,Nonstocked,107014571.9560684,7413278.707106836,6.92735444491628,438,2004;2005;2006;2007;2008;2009;2010;2011;2012;2013
TX-West,mortality,Large diameter,343571069.1819404,21968796.51406277,6.394250996270308,792,2004;2005;2006;2007;2008;2009;2010;2011;2012;2013
TX-West,mortality,Medium diameter,56655585.90830358,7003158.1534025865,12.360931479443382,232,2004;2005;2006;2007;2008;2009;2010;2011;2012;2013
TX-West,mortality,Small diameter,53142927.62029428,10152303.624667712,19.103771807992644,103,2004;2005;2006;2007;2008;2009;2010;2011;2012;2013
TX-West,mortality,Nonstocked,3224843.0865189945,1595306.6368108247,49.46927940400514,5,2004;2005;2006;2007;2008;2009;2010;2011;2012;2013
TX-West,biomass,Large diameter,668557667.0094786,11785619.47828585,1.7628426177511411,3579,2004;2005;2006;2007;2008;2009;2010;2011;2012;2013
TX-West,biomass,Medium diameter,251093416.87921903,6023377.470111039,2.398859175590575,2333,2004;2005;2006;2007;2008;2009;2010;2011;2012;2013
TX-West,biomass,Small diameter,81054889.58536589,2408790.720757864,2.971801865476553,3210,2004;2005;2006;2007;2008;2009;2010;2011;2012;2013
TX-West,biomass,Nonstocked,3254216.527247636,210782.35175511625,6.477207339776883,440,2004;2005;2006;2007;2008;2009;2010;2011;2012;2013
TX-West,growth,Large diameter,363501352.6543703,28176959.79468958,7.751541937584264,1313,2004;2005;2006;2007;2008;2009;2010;2011;2012;2013
TX-West,growth,Medium diameter,395399857.0839238,22302611.15653976,5.64052079356367,620,2004;2005;2006;2007;2008;2009;2010;2011;2012;2013
TX-West,growth,Small diameter,64117060.3915663,11231318.188078612,17.51689506581923,517,2004;2005;2006;2007;2008;2009;2010;2011;2012;2013
TX-West,growth,Nonstocked,2351730.6408720696,2074012.835421692,88.19091775972294,26,2004;2005;2006;2007;2008;2009;2010;2011;2012;2013
TX-West,removals,Large diameter,190109638.2432488,19215350.72647681,10.10751001582067,210,2004;2005;2006;2007;2008;2009;2010;2011;2012;2013
TX-West,removals,Medium diameter,71637513.35740742,10299658.951128572,14.377465755605506,102,2004;2005;2006;2007;2008;2009;2010;2011;2012;2013
TX-West,removals,Small diameter,389580435.4868019,35330026.05394029,9.068737245440342,199,2004;2005;2006;2007;2008;2009;2010;2011;2012;2013
TX-West,removals,Nonstocked,36561412.35196751,10813012.376020284,29.57493072730927,17,2004;2005;2006;2007;2008;2009;2010;2011;2012;2013
TX-West,sawlog,Large diameter,63768402309.38854,2015175266.997552,3.1601470226906714,1463,2004;2005;2006;2007;2008;2009;2010;2011;2012;2013
TX-West,sawlog,Medium diameter,3939335857.047848,216957968.9283656,5.507475797987802,535,2004;2005;2006;2007;2008;2009;2010;2011;2012;2013
TX-West,sawlog,Small diameter,1013411167.8402126,115295742.45463882,11.37699544996704,162,2004;2005;2006;2007;2008;2009;2010;2011;2012;2013
TX-West,sawlog,Nonstocked,8497999.76800698,5989387.149294723,70.47996367149116,3,2004;2005;2006;2007;2008;2009;2010;2011;2012;2013
UT,volume,Large diameter,13177578642.175083,330692428.689046,2.5095082918394334,2170,2013;2014;2015;2016;2017;2018;2019;2020;2021;2022
UT,volume,Medium diameter,2477117216.2334194,172500073.40130395,6.963742864925824,357,2013;2014;2015;2016;2017;2018;2019;2020;2021;2022
UT,volume,Small diameter,514413236.1653287,41258615.93222899,8.020519891709935,340,2013;2014;2015;2016;2017;2018;2019;2020;2021;2022
UT,volume,Nonstocked,20364848.8188077,6233845.090105393,30.61080956490187,40,2013;2014;2015;2016;2017;2018;2019;2020;2021;2022
UT,mortality,Large diameter,131030365.6550489,10116419.150035769,7.720667724203943,750,2013;2014;2015;2016;2017;2018;2019;2020;2021;2022
UT,mortality,Medium diameter,71880417.23962706,7748266.221798178,10.779384037195912,254,2013;2014;2015;2016;2017;2018;2019;2020;2021;2022
UT,mortality,Small diameter,73144075.03888845,11136472.10731726,15.225391942404553,189,2013;2014;2015;2016;2017;2018;2019;2020;2021;2022
UT,mortality,Nonstocked,21695920.46406073,6944944.436802358,32.01037009840928,50,2013;2014;2015;2016;2017;2018;2019;2020;2021;2022
UT,biomass,Large diameter,235087706.40994743,5512544.273503695,2.3448883642987632,2171,2013;2014;2015;2016;2017;2018;2019;2020;2021;2022
UT,biomass,Medium diameter,49473136.76233335,3175956.4760261923,6.419557529338274,357,2013;2014;2015;2016;2017;2018;2019;2020;2021;2022
UT,biomass,Small diameter,17806881.263722166,1179235.6486189067,6.622359250641802,431,2013;2014;2015;2016;2017;2018;2019;2020;2021;2022
UT,biomass,Nonstocked,382226.9132048637,108910.8195889154,28.49376007454033,42,2013;2014;2015;2016;2017;2018;2019;2020;2021;2022
UT,growth,Large diameter,37998935.54527422,9458797.429891292,24.892269465342025,2129,2013;2014;2015;2016;2017;2018;2019;2020;2021;2022
UT,growth,Medium diameter,-9973666.605842013,6858828.010314404,-68.76937320420245,348,2013;2014;2015;2016;2017;2018;2019;2020;2021;2022
UT,growth,Small diameter,-52338326.744963326,10181000.186295817,-19.45228443375019,359,2013;2014;2015;2016;2017;2018;2019;2020;2021;2022
UT,growth,Nonstocked,-19265237.08194669,6525236.987855356,-33.87052523724251,78,2013;2014;2015;2016;2017;2018;2019;2020;2021;2022
UT,removals,Large diameter,4035931.965216088,1319103.914190548,32.683997786863635,30,2013;2014;2015;2016;2017;2018;2019;2020;2021;2022
UT,removals,Medium diameter,3461952.418030064,1700648.4211471642,49.12396866837572,10,2013;2014;2015;2016;2017;2018;2019;2020;2021;2022
UT,removals,Small diameter,489321.18359976384,265457.2781578187,54.2501095507337,5,2013;2014;2015;2016;2017;2018;2019;2020;2021;2022
UT,removals,Nonstocked,4188957.407637001,3887548.412478089,92.80467749303432,5,2013;2014;2015;2016;2017;2018;2019;2020;2021;2022
UT,sawlog,Large diameter,22999855495.51875,1281964606.614669,5.573794178247967,524,2013;2014;2015;2016;2017;2018;2019;2020;2021;2022
UT,sawlog,Medium diameter,3095817058.499988,300455716.9778279,9.70521549885791,190,2013;2014;2015;2016;2017;2018;2019;2020;2021;2022
UT,sawlog,Small diameter,814695377.3926976,104248897.4793616,12.796058548042035,117,2013;2014;2015;2016;2017;2018;2019;2020;2021;2022
UT,sawlog,Nonstocked,45427043.30020313,23568504.15764557,51.88210027646721,11,2013;2014;2015;2016;2017;2018;2019;2020;2021;2022
VA,volume,Large diameter,52635576259.29031,774569721.5001652,1.471570706634853,2549,2017;2018;2019;2020;2021;2022;2023;2024;2025
VA,volume,Medium diameter,6689928164.652629,292128997.0350828,4.366698563051783,710,2017;2018;2019;2020;2021;2022;2023;2024;2025
VA,volume,Small diameter,520428204.0868758,48617108.48056775,9.341751292259332,265,2017;2018;2019;2020;2021;2022;2023;2024;2025
VA,volume,Nonstocked,9357403.53506004,3737644.9605184095,39.94318452244058,14,2017;2018;2019;2020;2021;2022;2023;2024;2025
VA,mortality,Large diameter,528735188.5665076,19503757.971890964,3.688757320043143,1678,2017;2018;2019;2020;2021;2022;2023;2024;2025
VA,mortality,Medium diameter,61274964.04620821,4975073.278887719,8.119259401173952,375,2017;2018;2019;2020;2021;2022;2023;2024;2025
VA,mortality,Small diameter,17330527.206281915,4113701.904423304,23.736738389194425,57,2017;2018;2019;2020;2021;2022;2023;2024;2025
VA,mortality,Nonstocked,2525637.8748228885,1807907.965913032,71.58223211392934,3,2017;2018;2019;2020;2021;2022;2023;2024;2025
VA,biomass,Large diameter,1115560181.493466,15716389.410442617,1.4088338460953458,2551,2017;2018;2019;2020;2021;2022;2023;2024;2025
VA,biomass,Medium diameter,142137104.98916954,5972387.8456755895,4.201849929426007,711,2017;2018;2019;2020;2021;2022;2023;2024;2025
VA,biomass,Small diameter,20116925.6663085,1643479.0270017665,8.169633145059727,357,2017;2018;2019;2020;2021;2022;2023;2024;2025
VA,biomass,Nonstocked,179083.28187192336,72512.91457320587,40.491169145015775,14,2017;2018;2019;2020;2021;2022;2023;2024;2025
VA,growth,Large diameter,1098574947.5447252,35253882.27213946,3.209055727233776,2528,2017;2018;2019;2020;2021;2022;2023;2024;2025
VA,growth,Medium diameter,419552489.2362708,23458943.70234839,5.591420454935615,708,2017;2018;2019;2020;2021;2022;2023;2024;2025
VA,growth,Small diameter,88470295.74635418,8456832.796755696,9.558951651977718,383,2017;2018;2019;2020;2021;2022;2023;2024;2025
VA,growth,Nonstocked,2014784.892938224,2340950.2554654623,116.18859480584956,24,2017;2018;2019;2020;2021;2022;2023;2024;2025
VA,removals,Large diameter,173999144.63186434,22802205.47339355,13.104780211211336,154,2017;2018;2019;2020;2021;2022;2023;2024;2025
VA,removals,Medium diameter,24870055.3661862,6247168.93889951,25.11924017424296,34,2017;2018;2019;2020;2021;2022;2023;2024;2025
VA,removals,Small diameter,612646791.7849061,61632223.34752098,10.059992833384396,149,2017;2018;2019;2020;2021;2022;2023;2024;2025
VA,removals,Nonstocked,39648913.1028517,16467591.080161773,41.53352460745604,10,2017;2018;2019;2020;2021;2022;2023;2024;2025
VA,sawlog,Large diameter,153499766450.41766,2833358979.5364213,1.8458392771898005,2498,2017;2018;2019;2020;2021;2022;2023;2024;2025
VA,sawlog,Medium diameter,7059150064.543987,397142526.5745883,5.625925542641701,541,2017;2018;2019;2020;2021;2022;2023;2024;2025
VA,sawlog,Small diameter,676222241.5759784,115107701.8513774,17.022170341973915,75,2017;2018;2019;2020;2021;2022;2023;2024;2025
VT,volume,Large diameter,13311365906.28541,373517443.1015384,2.8060038746675087,676,2019;2020;2021;2022;2023;2024;2025
VT,volume,Medium diameter,2256938563.759809,158366682.4280636,7.016880519966049,223,2019;2020;2021;2022;2023;2024;2025
VT,volume,Small diameter,138653488.50953147,25505022.28700411,18.3947930637539,57,2019;2020;2021;2022;2023;2024;2025
VT,volume,Nonstocked,2153381.673645374,1315557.643421993,61.09263673610344,4,2019;2020;2021;2022;2023;2024;2025
VT,mortality,Large diameter,121724129.79637924,6751015.564212651,5.546160465887729,520,2019;2020;2021;2022;2023;2024;2025
VT,mortality,Medium diameter,30985317.07416566,4022330.072732391,12.98140684862009,164,2019;2020;2021;2022;2023;2024;2025
VT,mortality,Small diameter,3426124.572678203,984488.9472661744,28.73476799755121,29,2019;2020;2021;2022;2023;2024;2025
VT,mortality,Nonstocked,0.0,0.0,,0,2019;2020;2021;2022;2023;2024;2025
VT,biomass,Large diameter,271894419.8314808,7178036.636760503,2.640008809746601,676,2019;2020;2021;2022;2023;2024;2025
VT,biomass,Medium diameter,49947253.435943365,3450000.2270580386,6.907287167416752,223,2019;2020;2021;2022;2023;2024;2025
VT,biomass,Small diameter,4856635.568469119,877641.7475456196,18.07098216805806,61,2019;2020;2021;2022;2023;2024;2025
VT,biomass,Nonstocked,58649.73498908767,37612.08450319495,64.13001612060656,4,2019;2020;2021;2022;2023;2024;2025
VT,growth,Large diameter,189833446.93370497,9158406.016758604,4.824442775859709,658,2019;2020;2021;2022;2023;2024;2025
VT,growth,Medium diameter,58910965.32641386,5891728.685635085,10.001073065074042,209,2019;2020;2021;2022;2023;2024;2025
VT,growth,Small diameter,5811393.226593241,1481279.6053954992,25.48923377989784,60,2019;2020;2021;2022;2023;2024;2025
VT,growth,Nonstocked,368064.5123388233,200004.13595689624,54.33942400097014,5,2019;2020;2021;2022;2023;2024;2025
VT,removals,Large diameter,48970527.795245305,7962512.23027941,16.25980480253781,77,2019;2020;2021;2022;2023;2024;2025
VT,removals,Medium diameter,23619556.33425676,5578961.336699912,23.6200936958686,29,2019;2020;2021;2022;2023;2024;2025
VT,removals,Small diameter,16685254.411056647,5083566.096393075,30.467417344409203,17,2019;2020;2021;2022;2023;2024;2025
VT,removals,Nonstocked,1379586.029657112,1393502.1344282278,101.008715982328,1,2019;2020;2021;2022;2023;2024;2025
VT,sawlog,Large diameter,31690032337.614967,1018791407.445269,3.2148638934520712,666,2019;2020;2021;2022;2023;2024;2025
VT,sawlog,Medium diameter,2284723775.058341,198895593.5055301,8.70545471084141,192,2019;2020;2021;2022;2023;2024;2025
VT,sawlog,Small diameter,163613188.6051443,48260457.34301255,29.49667918243552,23,2019;2020;2021;2022;2023;2024;2025
WA,volume,Large diameter,112204074701.8896,1254829500.0358758,1.1183457493587294,4520,2014;2015;2016;2017;2018;2019;2020;2021;2022;2023
WA,volume,Medium diameter,4996948723.92294,264426761.2095561,5.291764551107167,674,2014;2015;2016;2017;2018;2019;2020;2021;2022;2023
WA,volume,Small diameter,1302815342.8216448,78827957.94168644,6.050585631802616,604,2014;2015;2016;2017;2018;2019;2020;2021;2022;2023
WA,volume,Nonstocked,193620807.61302176,32541164.54493147,16.806646427159595,151,2014;2015;2016;2017;2018;2019;2020;2021;2022;2023
WA,mortality,Large diameter,962715364.414996,29367667.639419258,3.050503682078952,3349,2014;2015;2016;2017;2018;2019;2020;2021;2022;2023
WA,mortality,Medium diameter,42371593.08381969,4905429.813957354,11.577166344096172,336,2014;2015;2016;2017;2018;2019;2020;2021;2022;2023
WA,mortality,Small diameter,137614687.24599847,15681732.8455446,11.395391843250064,300,2014;2015;2016;2017;2018;2019;2020;2021;2022;2023
WA,mortality,Nonstocked,160396276.34871408,23516987.88870158,14.661804141620973,171,2014;2015;2016;2017;2018;2019;2020;2021;2022;2023
WA,biomass,Large diameter,1670245544.440858,18155556.18437532,1.086999228634565,4520,2014;2015;2016;2017;2018;2019;2020;2021;2022;2023
WA,biomass,Medium diameter,88858496.11773536,4604582.800501802,5.181927448334081,675,2014;2015;2016;2017;2018;2019;2020;2021;2022;2023
WA,biomass,Small diameter,29854773.315283675,1593932.6220807317,5.338954026707492,731,2014;2015;2016;2017;2018;2019;2020;2021;2022;2023
WA,biomass,Nonstocked,3011996.217867062,481660.9010086881,15.991417856087985,159,2014;2015;2016;2017;2018;2019;2020;2021;2022;2023
WA,growth,Large diameter,1331914860.8056374,38583906.90777575,2.8968748711488543,4404,2014;2015;2016;2017;2018;2019;2020;2021;2022;2023
WA,growth,Medium diameter,257565815.5825016,15715851.975838369,6.10168392893908,650,2014;2015;2016;2017;2018;2019;2020;2021;2022;2023
WA,growth,Small diameter,26524253.18315497,16405134.544933235,61.849562480242845,772,2014;2015;2016;2017;2018;2019;2020;2021;2022;2023
WA,growth,Nonstocked,-114578227.80353476,22424719.35727922,-19.571536222161235,289,2014;2015;2016;2017;2018;2019;2020;2021;2022;2023
WA,removals,Large diameter,170810848.9337205,16030338.985840011,9.384848261049417,328,2014;2015;2016;2017;2018;2019;2020;2021;2022;2023
WA,removals,Medium diameter,8846604.93761921,2435618.512652192,27.53167491740242,32,2014;2015;2016;2017;2018;2019;2020;2021;2022;2023
WA,removals,Small diameter,790789599.865952,64797935.22497813,8.194080351583043,221,2014;2015;2016;2017;2018;2019;2020;2021;2022;2023
WA,removals,Nonstocked,200738274.0017808,31586406.077453274,15.735118892759369,84,2014;2015;2016;2017;2018;2019;2020;2021;2022;2023
WA,sawlog,Large diameter,508673080980.7405,6411915607.934879,1.2605179726775533,4511,2014;2015;2016;2017;2018;2019;2020;2021;2022;2023
WA,sawlog,Medium diameter,7395289754.516176,481358718.9067478,6.508990653311324,588,2014;2015;2016;2017;2018;2019;2020;2021;2022;2023
WA,sawlog,Small diameter,3846953497.790681,312370786.2112005,8.119952226888007,406,2014;2015;2016;2017;2018;2019;2020;2021;2022;2023
WA,sawlog,Nonstocked,723416001.0879948,157402374.75634164,21.75821028559134,105,2014;2015;2016;2017;2018;2019;2020;2021;2022;2023
WI,volume,Large diameter,31072952859.03137,437593727.3424452,1.4082785415588797,3516,2019;2020;2021;2022;2023;2024;2025
WI,volume,Medium diameter,10727576816.827116,233587731.85136345,2.177451029620792,2230,2019;2020;2021;2022;2023;2024;2025
WI,volume,Small diameter,1225821333.3577578,49159591.49878355,4.010339040529347,1097,2019;2020;2021;2022;2023;2024;2025
WI,volume,Nonstocked,23485401.113952942,3915162.801919602,16.670623520215543,65,2019;2020;2021;2022;2023;2024;2025
WI,mortality,Large diameter,328157396.4654576,9756143.90422406,2.973007468155912,2221,2019;2020;2021;2022;2023;2024;2025
WI,mortality,Medium diameter,148148033.9968986,5759825.124296989,3.887884954597217,1436,2019;2020;2021;2022;2023;2024;2025
WI,mortality,Small diameter,46965009.13070253,5089607.455026584,10.837020047973,406,2019;2020;2021;2022;2023;2024;2025
WI,mortality,Nonstocked,3750585.709823953,1139500.2076039012,30.3819268712936,33,2019;2020;2021;2022;2023;2024;2025
WI,biomass,Large diameter,631819114.2310965,8745540.194443975,1.384184175100023,3518,2019;2020;2021;2022;2023;2024;2025
WI,biomass,Medium diameter,226221917.69319275,4782195.592591336,2.1139399936822465,2238,2019;2020;2021;2022;2023;2024;2025
WI,biomass,Small diameter,47223034.44774296,1700769.721690633,3.601568051652221,1294,2019;2020;2021;2022;2023;2024;2025
WI,biomass,Nonstocked,490230.9311421307,79713.78035350828,16.260455081402682,67,2019;2020;2021;2022;2023;2024;2025
WI,growth,Large diameter,590950733.207954,13541831.146981834,2.291533013838651,3436,2019;2020;2021;2022;2023;2024;2025
WI,growth,Medium diameter,382842944.0592507,10956233.915599355,2.861809022632454,2186,2019;2020;2021;2022;2023;2024;2025
WI,growth,Small diameter,55236360.62518726,5499149.503224991,9.95566949194953,1183,2019;2020;2021;2022;2023;2024;2025
WI,growth,Nonstocked,-1380587.7459580658,1036660.7429152238,-75.08836334019668,81,2019;2020;2021;2022;2023;2024;2025
WI,removals,Large diameter,214018292.80918887,12787629.507163864,5.975017060137407,547,2019;2020;2021;2022;2023;2024;2025
WI,removals,Medium diameter,38644873.1692763,4071696.414263697,10.536187805374412,181,2019;2020;2021;2022;2023;2024;2025
WI,removals,Small diameter,186875786.0743594,15189829.250434885,8.128302531602852,264,2019;2020;2021;2022;2023;2024;2025
WI,removals,Nonstocked,5222996.241027528,1796151.8186574192,34.38929947045223,13,2019;2020;2021;2022;2023;2024;2025
WI,sawlog,Large diameter,69689929984.6584,1161076075.956236,1.6660600408291937,3349,2019;2020;2021;2022;2023;2024;2025
WI,sawlog,Medium diameter,9293908465.247313,277062857.3538422,2.981123155988276,1620,2019;2020;2021;2022;2023;2024;2025
WI,sawlog,Small diameter,1361869848.463151,94839314.05017138,6.963904381699622,361,2019;2020;2021;2022;2023;2024;2025
WI,sawlog,Nonstocked,20316884.634694587,6539313.089980983,32.18659360212135,12,2019;2020;2021;2022;2023;2024;2025
WV,volume,Large diameter,41142451958.11716,632132494.701957,1.5364482781567448,1724,2019;2020;2021;2022;2023;2024;2025
WV,volume,Medium diameter,2946651490.4357667,212828784.4354395,7.222733503647737,287,2019;2020;2021;2022;2023;2024;2025
WV,volume,Small diameter,282592077.77165914,42732694.86389824,15.121688902555588,102,2019;2020;2021;2022;2023;2024;2025
WV,volume,Nonstocked,5996743.435251117,2617899.006492577,43.65534451755232,7,2019;2020;2021;2022;2023;2024;2025
WV,mortality,Large diameter,370942172.1207363,16182662.627265016,4.362583670318778,1142,2019;2020;2021;2022;2023;2024;2025
WV,mortality,Medium diameter,35327729.043055035,4600863.394069989,13.023377156405298,150,2019;2020;2021;2022;2023;2024;2025
WV,mortality,Small diameter,4629058.099259089,1637905.6838720734,35.38313083895471,21,2019;2020;2021;2022;2023;2024;2025
WV,mortality,Nonstocked,419306.1592367338,494426.2953652455,117.91534287625385,1,2019;2020;2021;2022;2023;2024;2025
WV,biomass,Large diameter,939147378.9082254,14515549.80383906,1.545609361196709,1725,2019;2020;2021;2022;2023;2024;2025
WV,biomass,Medium diameter,67172092.89567775,4790173.125558686,7.131195291172646,287,2019;2020;2021;2022;2023;2024;2025
WV,biomass,Small diameter,9515972.275534108,1365042.7901176033,14.344753752878992,112,2019;2020;2021;2022;2023;2024;2025
WV,biomass,Nonstocked,136149.62293905162,61069.55670762475,44.85473803696319,7,2019;2020;2021;2022;2023;2024;2025
WV,growth,Large diameter,693791090.8618549,23671339.988509245,3.4118829573184293,1512,2019;2020;2021;2022;2023;2024;2025
WV,growth,Medium diameter,105495032.9603959,10722433.30616786,10.16392241916564,248,2019;2020;2021;2022;2023;2024;2025
WV,growth,Small diameter,17295912.586760677,3297192.875997448,19.06342240953112,95,2019;2020;2021;2022;2023;2024;2025
WV,growth,Nonstocked,-154727.7314312198,498079.4899684881,-321.9070591685734,7,2019;2020;2021;2022;2023;2024;2025
WV,removals,Large diameter,112939737.02169985,18662458.73766187,16.524262611020717,89,2019;2020;2021;2022;2023;2024;2025
WV,removals,Medium diameter,12860574.415641123,5743414.351199004,44.65908104550774,16,2019;2020;2021;2022;2023;2024;2025
WV,removals,Small diameter,65283409.83869645,19641267.847447887,30.08615496031522,19,2019;2020;2021;2022;2023;2024;2025
WV,removals,Nonstocked,2241462.18338782,1549655.024917937,69.13589871838647,3,2019;2020;2021;2022;2023;2024;2025
WV,sawlog,Large diameter,112282458905.23488,2114559640.297996,1.883250207481348,1701,2019;2020;2021;2022;2023;2024;2025
WV,sawlog,Medium diameter,3260129014.2964644,306153007.76790327,9.390824915987906,214,2019;2020;2021;2022;2023;2024;2025
WV,sawlog,Small diameter,298439480.7231209,82542102.58711027,27.65790316586471,27,2019;2020;2021;2022;2023;2024;2025
WV,sawlog,Nonstocked,8328756.987934984,7330492.948251105,88.01424941164736,2,2019;2020;2021;2022;2023;2024;2025
WY,volume,Large diameter,12850681442.722095,390205635.43239176,3.03645870587962,984,2014;2015;2016;2017;2018;2019;2020;2021;2022;2023
WY,volume,Medium diameter,3050384279.618888,194713283.6613505,6.383237841944222,329,2014;2015;2016;2017;2018;2019;2020;2021;2022;2023
WY,volume,Small diameter,849698086.5292938,60228744.07964769,7.088252290370583,376,2014;2015;2016;2017;2018;2019;2020;2021;2022;2023
WY,volume,Nonstocked,74813132.34911126,11237590.91672199,15.020880110035236,92,2014;2015;2016;2017;2018;2019;2020;2021;2022;2023
WY,biomass,Large diameter,211602418.4611563,6248003.217268584,2.9527087935507343,984,2014;2015;2016;2017;2018;2019;2020;2021;2022;2023
WY,biomass,Medium diameter,56019993.72887334,3471139.1869460256,6.196250581079521,329,2014;2015;2016;2017;2018;2019;2020;2021;2022;2023
WY,biomass,Small diameter,22535525.67640825,1440934.071704957,6.394055734024552,431,2014;2015;2016;2017;2018;2019;2020;2021;2022;2023
WY,biomass,Nonstocked,1294883.7736789912,191931.62891587112,14.822305508590922,95,2014;2015;2016;2017;2018;2019;2020;2021;2022;2023
WY,sawlog,Large diameter,47195010880.40423,1709050023.0489137,3.6212514652868233,872,2014;2015;2016;2017;2018;2019;2020;2021;2022;2023
WY,sawlog,Medium diameter,4952218942.11264,382100243.1790177,7.715738089237467,294,2014;2015;2016;2017;2018;2019;2020;2021;2022;2023
WY,sawlog,Small diameter,2054290600.895864,198188441.58699548,9.647536794481104,211,2014;2015;2016;2017;2018;2019;2020;2021;2022;2023
WY,sawlog,Nonstocked,148886967.49934235,39810894.83076748,26.73900577022856,41,2014;2015;2016;2017;2018;2019;2020;2021;2022;2023
AK-Coastal,area,Large diameter,8282583.243121125,118372.25475764606,1.4291707222617644,1514,2015;2016;2017;2018;2019;2020;2021;2022
AK-Coastal,area,Medium diameter,988489.8398321768,70020.54303823363,7.083587530866432,223,2015;2016;2017;2018;2019;2020;2021;2022
AK-Coastal,area,Small diameter,2613979.0576094785,103008.7965765167,3.940689435772287,532,2015;2016;2017;2018;2019;2020;2021;2022
AK-Coastal,area,Nonstocked,112233.51562435958,25089.127456206606,22.35439860957289,23,2015;2016;2017;2018;2019;2020;2021;2022
AK-Interior,area,Large diameter,2972798.400365651,243215.9510230764,8.181380580437647,116,2014;2016;2019
AK-Interior,area,Medium diameter,4620535.9132112,325151.2914619247,7.037090449448527,173,2014;2016;2019
AK-Interior,area,Small diameter,21645844.671348333,480020.29970988096,2.217609462684832,734,2014;2016;2019
AK-Interior,area,Nonstocked,579316.527273189,131387.575139778,22.679756049462643,20,2014;2016;2019
AL,area,Large diameter,12988867.26427672,167978.94392210842,1.2932532183472296,2733,2016;2017;2018;2019;2020;2021;2022;2023;2024;2025
AL,area,Medium diameter,5545564.37821097,148936.78401978954,2.6856920930352155,1295,2016;2017;2018;2019;2020;2021;2022;2023;2024;2025
AL,area,Small diameter,4290724.344712418,134693.27757745574,3.139173406547128,982,2016;2017;2018;2019;2020;2021;2022;2023;2024;2025
AL,area,Nonstocked,138804.2067198686,22305.13699900769,16.069496397917817,59,2016;2017;2018;2019;2020;2021;2022;2023;2024;2025
AR,area,Large diameter,12109512.33473598,148486.34380759523,1.2261959004052052,2468,2021;2022;2023;2024;2025
AR,area,Medium diameter,4496578.51812983,134360.95195471804,2.988070850158312,1045,2021;2022;2023;2024;2025
AR,area,Small diameter,2093269.851245284,96217.42712193876,4.596513300217797,511,2021;2022;2023;2024;2025
AR,area,Nonstocked,143638.19208891992,23891.34194841015,16.63300101523145,49,2021;2022;2023;2024;2025
AZ,area,Large diameter,14734224.259564754,176429.51376484535,1.1974129798541362,2577,2014;2015;2016;2017;2018;2019;2020;2021;2022;2023
AZ,area,Medium diameter,1548912.8614708805,93032.76092360436,6.006326323306431,275,2014;2015;2016;2017;2018;2019;2020;2021;2022;2023
AZ,area,Small diameter,1568666.044734347,92535.07298929455,5.898965767756217,270,2014;2015;2016;2017;2018;2019;2020;2021;2022;2023
AZ,area,Nonstocked,1032061.9494465146,73855.89577794443,7.156149475092331,205,2014;2015;2016;2017;2018;2019;2020;2021;2022;2023
CA,area,Large diameter,22319360.11210435,215403.6334187264,0.9650977104039264,4065,2014;2015;2016;2017;2018;2019;2020;2021;2022;2023;2024
CA,area,Medium diameter,4052957.012588081,138666.95641393107,3.421377428461376,817,2014;2015;2016;2017;2018;2019;2020;2021;2022;2023;2024
CA,area,Small diameter,3605622.205676125,134071.21387723947,3.7183932821963097,713,2014;2015;2016;2017;2018;2019;2020;2021;2022;2023;2024
CA,area,Nonstocked,1518084.8991913346,89309.10131507803,5.883010980654106,352,2014;2015;2016;2017;2018;2019;2020;2021;2022;2023;2024
CO,area,Large diameter,13271263.964631476,184053.4856560637,1.3868572439413054,2344,2014;2015;2016;2017;2018;2019;2020;2021;2022;2023
CO,area,Medium diameter,4058755.597676588,134195.8055349806,3.306328807080679,771,2014;2015;2016;2017;2018;2019;2020;2021;2022;2023
CO,area,Small diameter,4532737.205663497,144585.71328391737,3.1898101902590468,850,2014;2015;2016;2017;2018;2019;2020;2021;2022;2023
CO,area,Nonstocked,855319.6054875219,65457.93159199802,7.653037668262941,201,2014;2015;2016;2017;2018;2019;2020;2021;2022;2023
CT,area,Large diameter,1555068.814229254,45918.49662678528,2.952827309416791,271,2019;2020;2021;2022;2023;2024;2025
CT,area,Medium diameter,125546.23486804152,24211.16282720023,19.284658638029228,37,2019;2020;2021;2022;2023;2024;2025
CT,area,Small diameter,78849.12199176555,19988.59092733321,25.350429303982203,19,2019;2020;2021;2022;2023;2024;2025
CT,area,Nonstocked,21867.36122144548,8156.238575159124,37.29868680799145,8,2019;2020;2021;2022;2023;2024;2025
DE,area,Large diameter,276298.4838685805,17039.68100634025,6.16712794357752,93,2019;2020;2021;2022;2023;2024;2025
DE,area,Medium diameter,43341.61948714356,10595.325556816404,24.44607673222571,17,2019;2020;2021;2022;2023;2024;2025
DE,area,Small diameter,20950.05773777322,7601.185456615697,36.28240815255924,10,2019;2020;2021;2022;2023;2024;2025
DE,area,Nonstocked,3427.5862679374613,3511.9078083821787,102.46008514018985,1,2019;2020;2021;2022;2023;2024;2025
FL,area,Large diameter,7782170.36525448,151845.2187158785,1.951193710611,1692,2016;2017;2018;2019;2020;2021;2022;2023;2024
FL,area,Medium diameter,4081154.496638421,129570.330016367,3.174845013171933,949,2016;2017;2018;2019;2020;2021;2022;2023;2024
FL,area,Small diameter,4369559.927062744,136306.96412634445,3.1194666374096665,955,2016;2017;2018;2019;2020;2021;2022;2023;2024
FL,area,Nonstocked,446599.4529725333,44906.93847765138,10.05530530294072,133,2016;2017;2018;2019;2020;2021;2022;2023;2024
GA,area,Large diameter,13222657.13720306,170411.19662454046,1.2887817846011766,3152,2016;2019;2020;2021;2022;2023;2024;2025
GA,area,Medium diameter,5133578.621290596,144932.45747646922,2.8232246580462963,1255,2016;2019;2020;2021;2022;2023;2024;2025
GA,area,Small diameter,5389897.260926273,145188.502463624,2.693715583711754,1211,2016;2019;2020;2021;2022;2023;2024;2025
GA,area,Nonstocked,282946.4622840914,33060.13167776122,11.684235742296476,99,2016;2019;2020;2021;2022;2023;2024;2025
HI,area,Large diameter,486000.8788391915,43456.54523044785,8.941659804040562,95,2019
HI,area,Medium diameter,466796.114161481,45510.60929855978,9.749569012653794,97,2019
HI,area,Small diameter,777543.5806132839,55300.03787649553,7.112146412793721,153,2019
HI,area,Nonstocked,77939.14007667419,19235.735842206665,24.6804568581115,17,2019
IA,area,Large diameter,2156075.237296293,65130.22939820129,3.020777209976876,463,2019;2020;2021;2022;2023;2024;2025
IA,area,Medium diameter,473321.2265562838,44015.895376458975,9.299370682507291,122,2019;2020;2021;2022;2023;2024;2025
IA,area,Small diameter,267651.83944776986,33927.85470006605,12.676114899889116,71,2019;2020;2021;2022;2023;2024;2025
IA,area,Nonstocked,27984.999480422928,8872.949485769286,31.70609130072134,12,2019;2020;2021;2022;2023;2024;2025
ID,area,Large diameter,13018700.368152512,166625.6420737586,1.2798945928686771,2338,2014;2015;2016;2017;2018;2019;2020;2021;2022;2023
ID,area,Medium diameter,1854610.2146638285,97396.1962867405,5.251572298947722,360,2014;2015;2016;2017;2018;2019;2020;2021;2022;2023
ID,area,Small diameter,4493455.591175071,141963.16612235943,3.159331682306335,848,2014;2015;2016;2017;2018;2019;2020;2021;2022;2023
ID,area,Nonstocked,2389934.632229666,106748.42184106245,4.46658332832612,466,2014;2015;2016;2017;2018;2019;2020;2021;2022;2023
IL,area,Large diameter,3862621.3112918073,80392.0883542174,2.0812831979982844,837,2018;2019;2020;2021;2022;2023;2024
IL,area,Medium diameter,707762.534626141,54234.334376988,7.662786842148407,195,2018;2019;2020;2021;2022;2023;2024
IL,area,Small diameter,345117.0576671588,39443.46931522751,11.429011820467004,88,2018;2019;2020;2021;2022;2023;2024
IL,area,Nonstocked,42775.212799623805,11764.5560332606,27.503208665192343,15,2018;2019;2020;2021;2022;2023;2024
IN,area,Large diameter,4085523.872199606,75312.27438394591,1.8433933257963933,805,2019;2020;2021;2022;2023;2024;2025
IN,area,Medium diameter,487760.0391452448,46811.76701023592,9.59729441802352,123,2019;2020;2021;2022;2023;2024;2025
IN,area,Small diameter,229444.5400604984,32249.724901672467,14.055564317707924,63,2019;2020;2021;2022;2023;2024;2025
IN,area,Nonstocked,28333.103063451566,11088.454841243742,39.13604103444409,8,2019;2020;2021;2022;2023;2024;2025
KS,area,Large diameter,1403256.5231154594,60655.71200804663,4.322496351086329,344,2019;2020;2021;2022;2023;2024;2025
KS,area,Medium diameter,627446.0923933226,49816.56342654591,7.93957664737798,155,2019;2020;2021;2022;2023;2024;2025
KS,area,Small diameter,467068.5843310751,45664.589672450165,9.776848883521025,116,2019;2020;2021;2022;2023;2024;2025
KS,area,Nonstocked,68482.770277793,16702.537407035466,24.389400924179057,21,2019;2020;2021;2022;2023;2024;2025
KY,area,Large diameter,9196023.342487425,118331.43516924206,1.286767451127791,1830,2016;2017;2018;2019;2020;2021;2022;2023;2024
KY,area,Medium diameter,2246000.3617199305,94968.93325891734,4.228357879078547,588,2016;2017;2018;2019;2020;2021;2022;2023;2024
KY,area,Small diameter,896249.3630807451,62011.74940029208,6.919028559990766,252,2016;2017;2018;2019;2020;2021;2022;2023;2024
KY,area,Nonstocked,25810.597515849586,8798.314759299457,34.0879933286963,12,2016;2017;2018;2019;2020;2021;2022;2023;2024
LA,area,Large diameter,9064325.497954924,135001.86900974027,1.4893757846648286,1721,2018;2019;2020;2021;2022;2023;2024;2025
LA,area,Medium diameter,3282526.767666743,118942.06531050756,3.6234911008830224,709,2018;2019;2020;2021;2022;2023;2024;2025
LA,area,Small diameter,2434658.770495445,104007.15898814084,4.271939881208721,534,2018;2019;2020;2021;2022;2023;2024;2025
LA,area,Nonstocked,197178.66239196743,31194.56891432573,15.820458733163871,51,2018;2019;2020;2021;2022;2023;2024;2025
MA,area,Large diameter,2521949.5729415948,59796.82889247146,2.3710556917569376,453,2019;2020;2021;2022;2023;2024;2025
MA,area,Medium diameter,322107.2314524151,40134.85720339263,12.460091945908935,78,2019;2020;2021;2022;2023;2024;2025
MA,area,Small diameter,84230.73320674479,18591.237186002352,22.07179787972409,27,2019;2020;2021;2022;2023;2024;2025
MA,area,Nonstocked,24424.73619191141,9661.625472168613,39.55672395498868,9,2019;2020;2021;2022;2023;2024;2025
MD,area,Large diameter,2033226.3978608483,62268.585107143415,3.0625504947533644,360,2019;2020;2021;2022;2023;2024;2025
MD,area,Medium diameter,246280.5963907384,37190.7023356069,15.100947001363316,48,2019;2020;2021;2022;2023;2024;2025
MD,area,Small diameter,90891.12303896269,22799.44651386781,25.08434900083067,18,2019;2020;2021;2022;2023;2024;2025
MD,area,Nonstocked,20555.309799952825,7945.597730215209,38.65472137147475,8,2019;2020;2021;2022;2023;2024;2025
ME,area,Large diameter,6106677.40606095,144668.13338134706,2.3690154852090632,1220,2021;2022;2023;2024;2025
ME,area,Medium diameter,7265208.21188275,152147.48857182811,2.094193093089616,1412,2021;2022;2023;2024;2025
ME,area,Small diameter,3982724.369507833,125334.07141971312,3.1469431422190373,811,2021;2022;2023;2024;2025
ME,area,Nonstocked,37711.542866861535,13306.257586618409,35.28430972340589,10,2021;2022;2023;2024;2025
MI,area,Large diameter,10723114.93752233,167451.03973753558,1.5615895261141968,2428,2019;2020;2021;2022;2023;2024;2025
MI,area,Medium diameter,5664926.141081346,147349.01438524446,2.601075648924839,1423,2019;2020;2021;2022;2023;2024;2025
MI,area,Small diameter,3294660.4408615897,118747.89928185764,3.604253045597736,841,2019;2020;2021;2022;2023;2024;2025
MI,area,Nonstocked,224502.04974162485,31418.22522849552,13.994627338438184,71,2019;2020;2021;2022;2023;2024;2025
MN,area,Large diameter,5288980.753772046,97932.98663727968,1.8516419551618688,2170,2021;2022;2023;2024;2025
MN,area,Medium diameter,6684584.028335221,105831.0651558148,1.5832109329048525,2772,2021;2022;2023;2024;2025
MN,area,Small diameter,5520148.250747975,102428.78744070222,1.85554414098975,2271,2021;2022;2023;2024;2025
MN,area,Nonstocked,180623.85917724267,18202.47168943888,10.077556626435022,129,2021;2022;2023;2024;2025
MO,area,Large diameter,10689649.279267684,144223.790663556,1.3491910435571963,2230,2019;2020;2021;2022;2023;2024;2025
MO,area,Medium diameter,3824720.99472285,126246.96384619897,3.300814988083782,869,2019;2020;2021;2022;2023;2024;2025
MO,area,Small diameter,904213.9833172176,64281.77860741663,7.10913343449868,248,2019;2020;2021;2022;2023;2024;2025
MO,area,Nonstocked,83655.22534605986,14845.765342476983,17.746369436056057,38,2019;2020;2021;2022;2023;2024;2025
MS,area,Large diameter,12286447.06870209,153971.12452307495,1.2531785931450732,2841,2018;2019;2020;2021;2022;2023;2024
MS,area,Medium diameter,3807889.894334482,126739.36021468788,3.3283357379438763,945,2018;2019;2020;2021;2022;2023;2024
MS,area,Small diameter,2700273.69510442,108764.73994084125,4.027915397540296,685,2018;2019;2020;2021;2022;2023;2024
MS,area,Nonstocked,300133.72851097875,35987.622009809034,11.990529084601906,95,2018;2019;2020;2021;2022;2023;2024
MT,area,Large diameter,14046700.971549263,192617.2937655012,1.3712635739568726,2440,2013;2014;2015;2016;2017;2018;2019;2020;2021;2022
MT,area,Medium diameter,4502570.883896046,144683.39128038572,3.21335066146015,840,2013;2014;2015;2016;2017;2018;2019;2020;2021;2022
MT,area,Small diameter,5417030.662915619,157863.25040136423,2.914202636549175,984,2013;2014;2015;2016;2017;2018;2019;2020;2021;2022
MT,area,Nonstocked,2257056.762549994,105339.04271270332,4.667097631771237,441,2013;2014;2015;2016;2017;2018;2019;2020;2021;2022
NC,area,Large diameter,11629834.482976064,151473.84876841164,1.3024591965615802,2470,2017;2018;2019;2020;2021;2022;2023;2024
NC,area,Medium diameter,3701349.358670168,124196.31959278558,3.35543358807414,904,2017;2018;2019;2020;2021;2022;2023;2024
NC,area,Small diameter,2979902.5479872203,112661.87045034996,3.780723316822813,690,2017;2018;2019;2020;2021;2022;2023;2024
NC,area,Nonstocked,198730.7575882935,28042.32023345484,14.11070967260616,69,2017;2018;2019;2020;2021;2022;2023;2024
ND,area,Large diameter,353906.3129441772,36698.47342783425,10.3695447313546,77,2019;2020;2021;2022;2023;2024;2025
ND,area,Medium diameter,336282.85894049343,34273.920205525064,10.191991442415436,87,2019;2020;2021;2022;2023;2024;2025
ND,area,Small diameter,181592.2262017904,27866.038089184272,15.345391524755438,42,2019;2020;2021;2022;2023;2024;2025
ND,area,Nonstocked,11306.01725591742,5011.28311623471,44.32403562458628,6,2019;2020;2021;2022;2023;2024;2025
NE,area,Large diameter,906326.703168558,52153.20343327777,5.754349204425719,189,2019;2020;2021;2022;2023;2024;2025
NE,area,Medium diameter,261262.04971641084,32973.77246194248,12.620957577931485,69,2019;2020;2021;2022;2023;2024;2025
NE,area,Small diameter,195376.4059201864,30044.427357300552,15.377715244477402,40,2019;2020;2021;2022;2023;2024;2025
NE,area,Nonstocked,123856.63890795608,23604.21289239896,19.057688873618154,31,2019;2020;2021;2022;2023;2024;2025
NH,area,Large diameter,3211585.62506425,74386.25089610345,2.3161845761037525,708,2019;2020;2021;2022;2023;2024;2025
NH,area,Medium diameter,1129361.763817422,66778.16940479084,5.912912190250715,302,2019;2020;2021;2022;2023;2024;2025
NH,area,Small diameter,413594.05227273353,44661.67437581563,10.798432455785097,94,2019;2020;2021;2022;2023;2024;2025
NH,area,Nonstocked,17338.964844437047,8071.940421770523,46.5537619701691,7,2019;2020;2021;2022;2023;2024;2025
NJ,area,Large diameter,1483026.960116087,38080.39862031419,2.5677482368448223,529,2021;2022;2023;2024;2025
NJ,area,Medium diameter,329901.4474928268,28274.94979653164,8.570726200631913,139,2021;2022;2023;2024;2025
NJ,area,Small diameter,100390.15619210029,15563.05683732489,15.502572590428493,51,2021;2022;2023;2024;2025
NJ,area,Nonstocked,29074.45066038044,7426.142228001479,25.54181440862453,19,2021;2022;2023;2024;2025
NM,area,Large diameter,16341237.118810937,189443.8994992748,1.1592996180270816,2569,2015;2016;2017;2018;2019;2020;2021;2022
NM,area,Medium diameter,2283073.247220065,114179.99660527134,5.001153455952417,377,2015;2016;2017;2018;2019;2020;2021;2022
NM,area,Small diameter,3702825.847251973,139918.1744317286,3.778686338585649,588,2015;2016;2017;2018;2019;2020;2021;2022
NM,area,Nonstocked,1704549.6176503515,97142.76239847572,5.699028141661423,298,2015;2016;2017;2018;2019;2020;2021;2022
NV,area,Large diameter,8539744.804968184,120467.00406951988,1.4106628104324097,1580,2014;2015;2016;2017;2018;2019;2020;2021;2022;2023
NV,area,Medium diameter,661574.6724512819,59017.62560117992,8.92078068564905,132,2014;2015;2016;2017;2018;2019;2020;2021;2022;2023
NV,area,Small diameter,505601.88850157545,50893.77813910644,10.065978647733605,107,2014;2015;2016;2017;2018;2019;2020;2021;2022;2023
NV,area,Nonstocked,812363.8340979267,65603.31604218343,8.075607663533093,168,2014;2015;2016;2017;2018;2019;2020;2021;2022;2023
NY,area,Large diameter,12980258.80401718,165125.76084020978,1.272129957756359,2092,2018;2019;2020;2021;2022;2023;2024
NY,area,Medium diameter,4060938.3126824303,141760.61825905333,3.4908340719269417,727,2018;2019;2020;2021;2022;2023;2024
NY,area,Small diameter,1305681.939478701,84096.93773801951,6.440844067399413,282,2018;2019;2020;2021;2022;2023;2024
NY,area,Nonstocked,175550.61799130987,27861.444494593376,15.870889441114116,54,2018;2019;2020;2021;2022;2023;2024
OH,area,Large diameter,5869424.291424446,111681.23627153288,1.9027630432972,1100,2019;2020;2021;2022;2023;2024;2025
OH,area,Medium diameter,1251033.165199205,78962.60859059264,6.3117917883511305,283,2019;2020;2021;2022;2023;2024;2025
OH,area,Small diameter,508930.4020893864,49731.74744135149,9.771816978742178,135,2019;2020;2021;2022;2023;2024;2025
OH,area,Nonstocked,53235.74120198976,12788.530632837028,24.02245248040059,20,2019;2020;2021;2022;2023;2024;2025
OK,area,Large diameter,4770585.148698208,120551.06251481907,2.526965954013313,1003,2019;2020;2021;2022;2023;2024
OK,area,Medium diameter,4041650.281524245,120504.08136810426,2.981556368668742,906,2019;2020;2021;2022;2023;2024
OK,area,Small diameter,2186558.835557193,100547.13075755662,4.598418717232209,498,2019;2020;2021;2022;2023;2024
OK,area,Nonstocked,250589.806439436,32895.31871918258,13.127157559432852,75,2019;2020;2021;2022;2023;2024
OR,area,Large diameter,21184456.041485418,160773.02816859257,0.7589197846465896,8528,2015;2016;2017;2018;2019;2020;2021;2022;2023;2024
OR,area,Medium diameter,2751199.4175553885,99260.38623406236,3.6078950002926864,1215,2015;2016;2017;2018;2019;2020;2021;2022;2023;2024
OR,area,Small diameter,4411456.472858661,120729.42423057744,2.7367248203254686,1615,2015;2016;2017;2018;2019;2020;2021;2022;2023;2024
OR,area,Nonstocked,1433515.2465558993,71715.41926178776,5.002766411734236,598,2015;2016;2017;2018;2019;2020;2021;2022;2023;2024
PA,area,Large diameter,12620509.099321404,145839.08197012384,1.1555720995277876,2259,2019;2020;2021;2022;2023;2024;2025
PA,area,Medium diameter,2654425.45484512,115537.46105841803,4.352635363992899,556,2019;2020;2021;2022;2023;2024;2025
PA,area,Small diameter,1220619.6521193243,80023.5230811992,6.555975314853961,273,2019;2020;2021;2022;2023;2024;2025
PA,area,Nonstocked,102887.35643134025,19492.038527241555,18.94502804166143,37,2019;2020;2021;2022;2023;2024;2025
RI,area,Large diameter,316543.8024001246,16433.366170914123,5.191498315971343,107,2019;2020;2021;2022;2023;2024;2025
RI,area,Medium diameter,48491.00277486718,11158.200613898753,23.010867945346003,23,2019;2020;2021;2022;2023;2024;2025
RI,area,Small diameter,12054.337352112714,5398.417406156064,44.784024608452704,6,2019;2020;2021;2022;2023;2024;2025
RI,area,Nonstocked,2323.504955417892,2122.9663210206945,91.36913248540375,2,2019;2020;2021;2022;2023;2024;2025
SC,area,Large diameter,7297232.097215241,125999.5454008461,1.7266758645230684,1768,2017;2018;2019;2020;2021;2022;2023;2024;2025
SC,area,Medium diameter,2659026.436199759,104290.26301191468,3.92212208168057,695,2017;2018;2019;2020;2021;2022;2023;2024;2025
SC,area,Small diameter,2792438.463726668,107518.22275062597,3.850334542632564,664,2017;2018;2019;2020;2021;2022;2023;2024;2025
SC,area,Nonstocked,77624.55472547497,16646.998423115823,21.44553161301753,33,2017;2018;2019;2020;2021;2022;2023;2024;2025
SD,area,Large diameter,1142396.1554934992,53851.48457863442,4.713906320471757,262,2019;2020;2021;2022;2023;2024;2025
SD,area,Medium diameter,311539.59019419376,36887.38831623403,11.840353353883788,80,2019;2020;2021;2022;2023;2024;2025
SD,area,Small diameter,389343.95744207193,38121.62431483525,9.791245911529812,90,2019;2020;2021;2022;2023;2024;2025
SD,area,Nonstocked,162317.3702203418,25835.49444778783,15.916654152735957,45,2019;2020;2021;2022;2023;2024;2025
TN,area,Large diameter,10427390.889533026,123758.25219585924,1.186857321327498,2286,2015;2016;2017;2018;2019;2020;2021;2022;2023;2024
TN,area,Medium diameter,2088042.334489168,94147.50928766276,4.508888911521787,557,2015;2016;2017;2018;2019;2020;2021;2022;2023;2024
TN,area,Small diameter,1229959.5778196957,74077.02118129656,6.022719975286521,339,2015;2016;2017;2018;2019;2020;2021;2022;2023;2024
TN,area,Nonstocked,16692.489408923168,7941.308508115415,47.57414136126571,6,2015;2016;2017;2018;2019;2020;2021;2022;2023;2024
TX-East,area,Large diameter,7244966.621710057,131096.04128176958,1.80947750523696,1467,2019;2020;2021;2022;2023;2024;2025
TX-East,area,Medium diameter,2384448.03591006,108562.65541127384,4.552947003931637,481,2019;2020;2021;2022;2023;2024;2025
TX-East,area,Small diameter,1616198.1877859556,89997.75845669783,5.568485296966368,338,2019;2020;2021;2022;2023;2024;2025
TX-East,area,Nonstocked,153976.40718102816,27821.23503140666,18.06850513059288,40,2019;2020;2021;2022;2023;2024;2025
TX-West,area,Large diameter,21330814.258001827,307463.0495936853,1.4414032482531542,3592,2004;2005;2006;2007;2008;2009;2010;2011;2012;2013
TX-West,area,Medium diameter,13604948.72114116,269641.096368812,1.9819339410651968,2379,2004;2005;2006;2007;2008;2009;2010;2011;2012;2013
TX-West,area,Small diameter,24308385.66149439,368990.73380026926,1.517956555974705,3869,2004;2005;2006;2007;2008;2009;2010;2011;2012;2013
TX-West,area,Nonstocked,3892050.860074074,157784.37506325473,4.054016268951114,682,2004;2005;2006;2007;2008;2009;2010;2011;2012;2013
UT,area,Large diameter,12570965.84113819,176421.9663646697,1.4034082074054564,2172,2013;2014;2015;2016;2017;2018;2019;2020;2021;2022
UT,area,Medium diameter,1959621.4653601388,97597.21646548357,4.980411686169562,357,2013;2014;2015;2016;2017;2018;2019;2020;2021;2022
UT,area,Small diameter,2620493.805989333,113018.32483955105,4.31286365116526,483,2013;2014;2015;2016;2017;2018;2019;2020;2021;2022
UT,area,Nonstocked,718524.1445342884,60443.954864359934,8.41223712858483,158,2013;2014;2015;2016;2017;2018;2019;2020;2021;2022
VA,area,Large diameter,11302948.675286654,133740.47395652876,1.1832352583264028,2559,2017;2018;2019;2020;2021;2022;2023;2024;2025
VA,area,Medium diameter,2739308.5696383794,104618.30324208204,3.819150000172959,715,2017;2018;2019;2020;2021;2022;2023;2024;2025
VA,area,Small diameter,1826251.492912416,89128.63098766182,4.880413860498691,467,2017;2018;2019;2020;2021;2022;2023;2024;2025
VA,area,Nonstocked,93277.39032974704,19265.987165092025,20.65450919776421,36,2017;2018;2019;2020;2021;2022;2023;2024;2025
VT,area,Large diameter,3198359.029005878,73474.2788902849,2.2972492526307264,676,2019;2020;2021;2022;2023;2024;2025
VT,area,Medium diameter,1017400.8834771035,65755.82993352677,6.463119012517211,225,2019;2020;2021;2022;2023;2024;2025
VT,area,Small diameter,251570.1372263471,34139.730921462244,13.570661167444309,69,2019;2020;2021;2022;2023;2024;2025
VT,area,Nonstocked,29012.162885810205,11876.654412885631,40.93681143192009,7,2019;2020;2021;2022;2023;2024;2025
WA,area,Large diameter,15378601.068007926,143951.3303028389,0.9360495773721618,4607,2014;2015;2016;2017;2018;2019;2020;2021;2022;2023
WA,area,Medium diameter,2112175.879341787,93360.60006993962,4.420114867471803,755,2014;2015;2016;2017;2018;2019;2020;2021;2022;2023
WA,area,Small diameter,3315740.978095843,113212.04764503556,3.4143815332056104,981,2014;2015;2016;2017;2018;2019;2020;2021;2022;2023
WA,area,Nonstocked,1216946.2952283688,73973.67005375632,6.0786306136767205,391,2014;2015;2016;2017;2018;2019;2020;2021;2022;2023
WI,area,Large diameter,8668976.633792153,105936.27094409252,1.2220158782196626,3534,2019;2020;2021;2022;2023;2024;2025
WI,area,Medium diameter,5017247.833488849,95658.22367853946,1.906587572574056,2261,2019;2020;2021;2022;2023;2024;2025
WI,area,Small diameter,3069915.914123868,80242.20916106463,2.61382433283894,1422,2019;2020;2021;2022;2023;2024;2025
WI,area,Nonstocked,154075.8819189647,16946.330983582695,10.998691535963763,111,2019;2020;2021;2022;2023;2024;2025
WV,area,Large diameter,9909536.2223983,123475.23631050024,1.2460243702567229,1728,2019;2020;2021;2022;2023;2024;2025
WV,area,Medium diameter,1329772.6563883647,85417.0894351816,6.423435541769422,295,2019;2020;2021;2022;2023;2024;2025
WV,area,Small diameter,562345.8140749449,59168.11139666449,10.52165943370551,123,2019;2020;2021;2022;2023;2024;2025
WV,area,Nonstocked,50588.71901592493,13696.17623040499,27.07357785852127,18,2019;2020;2021;2022;2023;2024;2025
WY,area,Large diameter,5439340.89715577,126754.69924531184,2.3303319582633963,985,2014;2015;2016;2017;2018;2019;2020;2021;2022;2023
WY,area,Medium diameter,1715619.5120732612,88008.55775626365,5.129841269402948,331,2014;2015;2016;2017;2018;2019;2020;2021;2022;2023
WY,area,Small diameter,2591148.7273605773,108541.01007012528,4.188914705050081,478,2014;2015;2016;2017;2018;2019;2020;2021;2022;2023
WY,area,Nonstocked,1078776.107703681,71636.30289278636,6.640516264795092,218,2014;2015;2016;2017;2018;2019;2020;2021;2022;2023
